client,client_type,strategy,behavior_similarity,holding_similarity,style_score,performance_score,final_score,rank,strategy_avg_return_pct,strategy_max_drawdown,strategy_sharpe_approx,client_avg_return_pct,client_max_drawdown,client_sharpe_approx,return_improvement,drawdown_improvement
保守防御型_01,synthetic_client,食品ETF增强,0.36830437797943927,0.32942460649530036,0.34692050366316285,1.0,0.5428443525642139,1,0.0353,-0.1321,0.5463719973242132,0.005070845214085219,-0.6,0.026632601824490613,0.03022915478591478,0.4679
保守防御型_01,synthetic_client,煤炭周期优选动态轮动策略,0.4492067014485628,0.05081276798792442,0.23009003804521166,0.7000000000000001,0.37106302663164814,2,0.0537,-0.2129,0.3714099011610187,0.005070845214085219,-0.6,0.026632601824490613,0.04862915478591478,0.3871
保守防御型_01,synthetic_client,半导体优选策略,0.2748419750850749,-0.230297936389551,-0.0029849762259693408,0.7000000000000001,0.20791051664182147,3,0.9891,-0.1962,5.912804034378871,0.005070845214085219,-0.6,0.026632601824490613,0.9840291547859148,0.40379999999999994
保守防御型_01,synthetic_client,计算机ETF优选策略,0.2645611389536475,-0.29955512982879995,-0.0457028088766986,0.7000000000000001,0.178008033786311,4,1.0552,-0.2322,4.597496829588051,0.005070845214085219,-0.6,0.026632601824490613,1.0501291547859146,0.3678
保守防御型_01,synthetic_client,动量趋势策略,-0.497892538327115,0.08721760777193399,-0.17608195797263806,1.0,0.17674262941915336,5,1.3091,-0.1214,27.88755024876618,0.005070845214085219,-0.6,0.026632601824490613,1.3040291547859146,0.47859999999999997
保守防御型_01,synthetic_client,双创50增强,0.6778988093956,-0.7828464610411064,-0.12551108934458854,0.7000000000000001,0.12214223745878805,6,1.1131,-0.2103,2.867896615430161,0.005070845214085219,-0.6,0.026632601824490613,1.1080291547859147,0.3897
保守防御型_01,synthetic_client,军工ETF增强,-0.056994375497790704,-0.34475303373179783,-0.21526163752649466,0.7000000000000001,0.05931685373145376,7,0.7849,-0.2151,3.910415057358552,0.005070845214085219,-0.6,0.026632601824490613,0.7798291547859149,0.38489999999999996
保守防御型_01,synthetic_client,医疗ETF增强,0.1988614252797092,-0.588311238089485,-0.23408353957334763,0.7000000000000001,0.0461415222986567,8,0.2091,-0.1908,1.9020858347784249,0.005070845214085219,-0.6,0.026632601824490613,0.2040291547859148,0.4092
保守防御型_01,synthetic_client,沪深300增强策略,-0.38568689188883476,-0.12508801681228376,-0.24235751059673172,0.7000000000000001,0.04034974258228782,9,0.593,-0.1756,3.9042532739466216,0.005070845214085219,-0.6,0.026632601824490613,0.5879291547859148,0.4244
保守防御型_01,synthetic_client,通信ETF增强,-0.3114767225503678,-0.21659944230047426,-0.2592942184129263,0.7000000000000001,0.028494047110951604,10,2.4045,-0.2064,16.149844475140775,0.005070845214085219,-0.6,0.026632601824490613,2.399429154785915,0.39359999999999995
保守防御型_01,synthetic_client,中证2000增强,-0.406883854402303,-0.2969410893806904,-0.3464153336404161,0.7000000000000001,-0.03249073354829124,11,0.6757,-0.1532,7.49276065340675,0.005070845214085219,-0.6,0.026632601824490613,0.6706291547859148,0.4468
保守防御型_01,synthetic_client,形态识别,-0.7265477155259724,-0.3817741005874154,-0.536922227309766,1.0,-0.07584555911683621,12,0.3346,-0.2057,5.96181387741118,0.005070845214085219,-0.6,0.026632601824490613,0.32952915478591477,0.3943
保守防御型_01,synthetic_client,化工ETF优选策略,-0.7220836207443093,-0.26408594036247385,-0.47018489653429985,0.7000000000000001,-0.11912942757400985,13,1.496,-0.1441,13.158559383276927,0.005070845214085219,-0.6,0.026632601824490613,1.4909291547859147,0.45589999999999997
保守防御型_01,synthetic_client,杠铃,-0.8137109108344746,-0.20881684875956008,-0.4810191766932716,0.7000000000000001,-0.1267134236852901,14,0.3119,-0.12,4.2040829150504715,0.005070845214085219,-0.6,0.026632601824490613,0.30682915478591477,0.48
保守防御型_01,synthetic_client,均衡持仓,-0.5770902629827334,-0.4044352345074468,-0.4821299973213258,0.7000000000000001,-0.12749099812492798,15,0.4361,-0.0939,3.4354423013943003,0.005070845214085219,-0.6,0.026632601824490613,0.43102915478591475,0.5061
保守防御型_01,synthetic_client,中证1000增强,-0.791919478719109,-0.2887060590488885,-0.5151520979004878,0.7000000000000001,-0.15060646853034138,16,1.2996,-0.2344,9.567229380375093,0.005070845214085219,-0.6,0.026632601824490613,1.2945291547859148,0.3656
保守防御型_01,synthetic_client,成长红利量化选股,-0.47399539771621674,-0.5783159222023724,-0.5313716861836024,0.7000000000000001,-0.16196018032852166,17,0.2151,-0.0739,1.7040340115393744,0.005070845214085219,-0.6,0.026632601824490613,0.2100291547859148,0.5261
保守防御型_01,synthetic_client,科创参数加强板,-0.8865307775812322,-0.32383267057731735,-0.577046818729079,0.7000000000000001,-0.19393277311035528,18,0.9702,-0.2884,5.061098940405834,0.005070845214085219,-0.6,0.026632601824490613,0.9651291547859148,0.3116
保守防御型_01,synthetic_client,中证800增强,-0.8003003802870439,-0.5368200270112308,-0.6553861859853467,0.7000000000000001,-0.24877033018974265,19,1.238,-0.1227,6.566927244654411,0.005070845214085219,-0.6,0.026632601824490613,1.2329291547859147,0.47729999999999995
保守防御型_01,synthetic_client,旅游ETF增强,-0.8857132130096027,-0.5287202383839321,-0.6893670769654839,0.14999999999999997,-0.43755695387583876,20,-0.127,-0.2114,-2.344353438691611,0.005070845214085219,-0.6,0.026632601824490613,-0.13207084521408521,0.38859999999999995
保守防御型_06,synthetic_client,食品ETF增强,0.3248190360131229,0.2935255198189757,0.30760760210634197,1.0,0.5153253214744393,1,0.0353,-0.1321,0.5463719973242132,0.004083707084787053,-0.5962879992418355,0.04181864639441284,0.031216292915212947,0.4641879992418355
保守防御型_06,synthetic_client,医疗ETF增强,0.3846694437743721,0.03636745676532625,0.1931033509193969,0.7000000000000001,0.34517234564357785,2,0.2091,-0.1908,1.9020858347784249,0.004083707084787053,-0.5962879992418355,0.04181864639441284,0.20501629291521295,0.40548799924183554
保守防御型_06,synthetic_client,煤炭周期优选动态轮动策略,0.3068089487346536,-0.018495260387139237,0.12789163371766754,0.7000000000000001,0.2995241436023673,3,0.0537,-0.2129,0.3714099011610187,0.004083707084787053,-0.5962879992418355,0.04181864639441284,0.049616292915212946,0.38338799924183553
保守防御型_06,synthetic_client,半导体优选策略,0.08564017259871419,-0.10758758522775462,-0.02063509420584366,0.7000000000000001,0.19555543405590947,4,0.9891,-0.1962,5.912804034378871,0.004083707084787053,-0.5962879992418355,0.04181864639441284,0.985016292915213,0.40008799924183547
保守防御型_06,synthetic_client,双创50增强,0.7659375231218196,-0.7091929180610427,-0.045384219528754655,0.7000000000000001,0.17823104632987177,5,1.1131,-0.2103,2.867896615430161,0.004083707084787053,-0.5962879992418355,0.04181864639441284,1.109016292915213,0.3859879992418355
保守防御型_06,synthetic_client,军工ETF增强,-0.13992286333302215,0.01701876027650106,-0.053604970347784386,0.7000000000000001,0.17247652075655096,6,0.7849,-0.2151,3.910415057358552,0.004083707084787053,-0.5962879992418355,0.04181864639441284,0.780816292915213,0.3811879992418355
保守防御型_06,synthetic_client,计算机ETF优选策略,0.0560750873965707,-0.14578651832517486,-0.05494879575038936,0.7000000000000001,0.17153584297472746,7,1.0552,-0.2322,4.597496829588051,0.004083707084787053,-0.5962879992418355,0.04181864639441284,1.051116292915213,0.36408799924183555
保守防御型_06,synthetic_client,动量趋势策略,-0.5712783592234697,-0.3050696128275816,-0.4248635487057313,1.0,0.0025955159059881105,8,1.3091,-0.1214,27.88755024876618,0.004083707084787053,-0.5962879992418355,0.04181864639441284,1.305016292915213,0.4748879992418355
保守防御型_06,synthetic_client,通信ETF增强,-0.3886080224335093,-0.37157447047008674,-0.37923956885362686,0.7000000000000001,-0.05546769819753877,9,2.4045,-0.2064,16.149844475140775,0.004083707084787053,-0.5962879992418355,0.04181864639441284,2.400416292915213,0.3898879992418355
保守防御型_06,synthetic_client,形态识别,-0.6244911062068113,-0.5811511259644269,-0.6006541170734998,1.0,-0.12045788195144985,10,0.3346,-0.2057,5.96181387741118,0.004083707084787053,-0.5962879992418355,0.04181864639441284,0.33051629291521295,0.3905879992418355
保守防御型_06,synthetic_client,中证2000增强,-0.25411453199683703,-0.6676447741238576,-0.48155616516669836,0.7000000000000001,-0.1270893156166888,11,0.6757,-0.1532,7.49276065340675,0.004083707084787053,-0.5962879992418355,0.04181864639441284,0.671616292915213,0.4430879992418355
保守防御型_06,synthetic_client,化工ETF优选策略,-0.7589533644012971,-0.3218758973983313,-0.5185607575496659,0.7000000000000001,-0.15299253028476612,12,1.496,-0.1441,13.158559383276927,0.004083707084787053,-0.5962879992418355,0.04181864639441284,1.491916292915213,0.4521879992418355
保守防御型_06,synthetic_client,沪深300增强策略,-0.5333390280820954,-0.6500263968365935,-0.5975170808970693,0.7000000000000001,-0.2082619566279485,13,0.593,-0.1756,3.9042532739466216,0.004083707084787053,-0.5962879992418355,0.04181864639441284,0.588916292915213,0.42068799924183553
保守防御型_06,synthetic_client,均衡持仓,-0.6728990289267239,-0.6018727718819297,-0.6338345875520872,0.7000000000000001,-0.233684211286461,14,0.4361,-0.0939,3.4354423013943003,0.004083707084787053,-0.5962879992418355,0.04181864639441284,0.43201629291521293,0.5023879992418355
保守防御型_06,synthetic_client,杠铃,-0.893024468091834,-0.6260945096846476,-0.7462129909678815,0.7000000000000001,-0.312349093677517,15,0.3119,-0.12,4.2040829150504715,0.004083707084787053,-0.5962879992418355,0.04181864639441284,0.30781629291521295,0.4762879992418355
保守防御型_06,synthetic_client,中证800增强,-0.890725676226656,-0.6510710183048859,-0.7589156143696825,0.7000000000000001,-0.3212409300587777,16,1.238,-0.1227,6.566927244654411,0.004083707084787053,-0.5962879992418355,0.04181864639441284,1.233916292915213,0.4735879992418355
保守防御型_06,synthetic_client,成长红利量化选股,-0.6366054464887738,-0.9003245383636304,-0.781650947019945,0.7000000000000001,-0.33715566291396143,17,0.2151,-0.0739,1.7040340115393744,0.004083707084787053,-0.5962879992418355,0.04181864639441284,0.21101629291521296,0.5223879992418355
保守防御型_06,synthetic_client,科创参数加强板,-0.8224734091744025,-0.8166180119980266,-0.8192529407273959,0.7000000000000001,-0.36347705850917705,18,0.9702,-0.2884,5.061098940405834,0.004083707084787053,-0.5962879992418355,0.04181864639441284,0.966116292915213,0.3078879992418355
保守防御型_06,synthetic_client,中证1000增强,-0.8766225668422036,-0.8697571191543635,-0.8728465706138916,0.7000000000000001,-0.40099259942972404,19,1.2996,-0.2344,9.567229380375093,0.004083707084787053,-0.5962879992418355,0.04181864639441284,1.295516292915213,0.3618879992418355
保守防御型_06,synthetic_client,旅游ETF增强,-0.9450913565983953,-0.5461744846575113,-0.7256870770309092,0.14999999999999997,-0.46298095392163646,20,-0.127,-0.2114,-2.344353438691611,0.004083707084787053,-0.5962879992418355,0.04181864639441284,-0.13108370708478706,0.3848879992418355
保守防御型_11,synthetic_client,食品ETF增强,0.39049888055943754,-0.046812447479878304,0.14997765013781383,0.7000000000000001,0.3149843550964697,1,0.0353,-0.1321,0.5463719973242132,0.00513068368363696,-0.6,0.01581011144101089,0.030169316316363038,0.4679
保守防御型_11,synthetic_client,煤炭周期优选动态轮动策略,0.5680612214162524,-0.3731881355179037,0.05037407510246655,0.7000000000000001,0.2452618525717266,2,0.0537,-0.2129,0.3714099011610187,0.00513068368363696,-0.6,0.01581011144101089,0.048569316316363034,0.3871
保守防御型_11,synthetic_client,动量趋势策略,-0.4104416584613005,0.01933647529424786,-0.17406368489574892,1.0,0.17815542057297576,3,1.3091,-0.1214,27.88755024876618,0.00513068368363696,-0.6,0.01581011144101089,1.303969316316363,0.47859999999999997
保守防御型_11,synthetic_client,沪深300增强策略,-0.2506232648059173,0.046313089482258187,-0.08730826994742077,0.7000000000000001,0.1488842110368055,4,0.593,-0.1756,3.9042532739466216,0.00513068368363696,-0.6,0.01581011144101089,0.587869316316363,0.4244
保守防御型_11,synthetic_client,半导体优选策略,0.4173693791912901,-0.6069782589127641,-0.14602182176593978,0.7000000000000001,0.10778472476384218,5,0.9891,-0.1962,5.912804034378871,0.00513068368363696,-0.6,0.01581011144101089,0.983969316316363,0.40379999999999994
保守防御型_11,synthetic_client,计算机ETF优选策略,0.43142881915635106,-0.6233766256024555,-0.1487141754609926,0.7000000000000001,0.1059000771773052,6,1.0552,-0.2322,4.597496829588051,0.00513068368363696,-0.6,0.01581011144101089,1.050069316316363,0.3678
保守防御型_11,synthetic_client,双创50增强,0.47033542532415124,-0.6870988644187991,-0.16625343403447143,0.7000000000000001,0.09362259617587003,7,1.1131,-0.2103,2.867896615430161,0.00513068368363696,-0.6,0.01581011144101089,1.107969316316363,0.3897
保守防御型_11,synthetic_client,医疗ETF增强,-0.10040770188582017,-0.391075700287361,-0.2602751010066677,0.7000000000000001,0.02780742929533267,8,0.2091,-0.1908,1.9020858347784249,0.00513068368363696,-0.6,0.01581011144101089,0.20396931631636306,0.4092
保守防御型_11,synthetic_client,军工ETF增强,0.040788369639807705,-0.5864630049782612,-0.30419988640013024,0.7000000000000001,-0.002939920480091146,9,0.7849,-0.2151,3.910415057358552,0.00513068368363696,-0.6,0.01581011144101089,0.779769316316363,0.38489999999999996
保守防御型_11,synthetic_client,成长红利量化选股,-0.2381169117921312,-0.563435489729199,-0.4170421296575185,0.7000000000000001,-0.0819294907602629,10,0.2151,-0.0739,1.7040340115393744,0.00513068368363696,-0.6,0.01581011144101089,0.20996931631636306,0.5261
保守防御型_11,synthetic_client,形态识别,-0.7492198272797685,-0.41466089303088527,-0.5652124134428828,1.0,-0.09564868941001792,11,0.3346,-0.2057,5.96181387741118,0.00513068368363696,-0.6,0.01581011144101089,0.32946931631636306,0.3943
保守防御型_11,synthetic_client,通信ETF增强,-0.22878720098352223,-0.6388837497929714,-0.4543403028287193,0.7000000000000001,-0.10803821198010344,12,2.4045,-0.2064,16.149844475140775,0.00513068368363696,-0.6,0.01581011144101089,2.399369316316363,0.39359999999999995
保守防御型_11,synthetic_client,均衡持仓,-0.36563410505199767,-0.6210683825355479,-0.5061229576679502,0.7000000000000001,-0.14428607036756513,13,0.4361,-0.0939,3.4354423013943003,0.00513068368363696,-0.6,0.01581011144101089,0.43096931631636304,0.5061
保守防御型_11,synthetic_client,中证1000增强,-0.6345992963745878,-0.4139506602769777,-0.5132425465209023,0.7000000000000001,-0.14926978256463158,14,1.2996,-0.2344,9.567229380375093,0.00513068368363696,-0.6,0.01581011144101089,1.2944693163163632,0.3656
保守防御型_11,synthetic_client,杠铃,-0.5540584030952843,-0.5770659757625328,-0.566712568062271,0.7000000000000001,-0.18669879764358965,15,0.3119,-0.12,4.2040829150504715,0.00513068368363696,-0.6,0.01581011144101089,0.30676931631636306,0.48
保守防御型_11,synthetic_client,中证2000增强,-0.6485394629237333,-0.5415980619963058,-0.5897216924136482,0.7000000000000001,-0.20280518468955372,16,0.6757,-0.1532,7.49276065340675,0.00513068368363696,-0.6,0.01581011144101089,0.670569316316363,0.4468
保守防御型_11,synthetic_client,科创参数加强板,-0.8576185404313186,-0.5355370743170381,-0.6804737340684643,0.7000000000000001,-0.266331613847925,17,0.9702,-0.2884,5.061098940405834,0.00513068368363696,-0.6,0.01581011144101089,0.965069316316363,0.3116
保守防御型_11,synthetic_client,化工ETF优选策略,-0.6761384928772464,-0.6895709703695375,-0.6835263554980066,0.7000000000000001,-0.26846844884860455,18,1.496,-0.1441,13.158559383276927,0.00513068368363696,-0.6,0.01581011144101089,1.490869316316363,0.45589999999999997
保守防御型_11,synthetic_client,中证800增强,-0.6272535977442784,-0.8038589162960881,-0.7243865229477737,0.7000000000000001,-0.29707056606344157,19,1.238,-0.1227,6.566927244654411,0.00513068368363696,-0.6,0.01581011144101089,1.232869316316363,0.47729999999999995
保守防御型_11,synthetic_client,旅游ETF增强,-0.7480755264676087,-0.8233030379740452,-0.7894506577961489,0.14999999999999997,-0.5076154604573041,20,-0.127,-0.2114,-2.344353438691611,0.00513068368363696,-0.6,0.01581011144101089,-0.13213068368363695,0.38859999999999995
保守防御型_16,synthetic_client,食品ETF增强,0.5882447767883863,0.016785350357441647,0.27394209225136673,0.7000000000000001,0.4017594645759567,1,0.0353,-0.1321,0.5463719973242132,0.004003575041696344,-0.4623205389707887,0.10252316166249777,0.031296424958303655,0.3302205389707887
保守防御型_16,synthetic_client,双创50增强,0.7689927834141497,-0.30081247662230987,0.1805998903940969,0.7000000000000001,0.33641992327586784,2,1.1131,-0.2103,2.867896615430161,0.004003575041696344,-0.4623205389707887,0.10252316166249777,1.1090964249583037,0.2520205389707887
保守防御型_16,synthetic_client,煤炭周期优选动态轮动策略,0.6484324132280115,-0.22597480873384349,0.16750844114899122,0.7000000000000001,0.3272559088042939,3,0.0537,-0.2129,0.3714099011610187,0.004003575041696344,-0.4623205389707887,0.10252316166249777,0.049696424958303655,0.24942053897078867
保守防御型_16,synthetic_client,医疗ETF增强,-0.002066252825342684,0.1396742665136358,0.07589103281109548,0.7000000000000001,0.26312372296776687,4,0.2091,-0.1908,1.9020858347784249,0.004003575041696344,-0.4623205389707887,0.10252316166249777,0.20509642495830366,0.27152053897078865
保守防御型_16,synthetic_client,计算机ETF优选策略,0.37526581647175294,-0.24352609131992356,0.03493026718633088,0.7000000000000001,0.23445118703043163,5,1.0552,-0.2322,4.597496829588051,0.004003575041696344,-0.4623205389707887,0.10252316166249777,1.0511964249583037,0.23012053897078869
保守防御型_16,synthetic_client,军工ETF增强,0.19623666687143126,-0.10120738792946947,0.03264243673093585,0.7000000000000001,0.23284970571165511,6,0.7849,-0.2151,3.910415057358552,0.004003575041696344,-0.4623205389707887,0.10252316166249777,0.7808964249583037,0.24722053897078866
保守防御型_16,synthetic_client,半导体优选策略,0.4241246966645061,-0.2900845999018587,0.03130958355300542,0.7000000000000001,0.23191670848710383,7,0.9891,-0.1962,5.912804034378871,0.004003575041696344,-0.4623205389707887,0.10252316166249777,0.9850964249583036,0.2661205389707887
保守防御型_16,synthetic_client,沪深300增强策略,-0.3205072658784172,-0.0946208320593787,-0.19626972727794606,0.7000000000000001,0.0726111909054378,8,0.593,-0.1756,3.9042532739466216,0.004003575041696344,-0.4623205389707887,0.10252316166249777,0.5889964249583036,0.28672053897078864
保守防御型_16,synthetic_client,动量趋势策略,-0.6148189070601233,-0.1434703291474038,-0.35557718920812764,1.0,0.051095967554310645,9,1.3091,-0.1214,27.88755024876618,0.004003575041696344,-0.4623205389707887,0.10252316166249777,1.3050964249583037,0.34092053897078867
保守防御型_16,synthetic_client,成长红利量化选股,-0.28822721233438103,-0.4300732839057944,-0.3662425516986584,0.7000000000000001,-0.046369786189060846,10,0.2151,-0.0739,1.7040340115393744,0.004003575041696344,-0.4623205389707887,0.10252316166249777,0.21109642495830366,0.38842053897078865
保守防御型_16,synthetic_client,均衡持仓,-0.3651512592106934,-0.45290470767868213,-0.41341565586808726,0.7000000000000001,-0.07939095910766103,11,0.4361,-0.0939,3.4354423013943003,0.004003575041696344,-0.4623205389707887,0.10252316166249777,0.43209642495830364,0.3684205389707887
保守防御型_16,synthetic_client,通信ETF增强,-0.47152816445967966,-0.39350778751725457,-0.42861695714134584,0.7000000000000001,-0.09003186999894203,12,2.4045,-0.2064,16.149844475140775,0.004003575041696344,-0.4623205389707887,0.10252316166249777,2.4004964249583036,0.2559205389707887
保守防御型_16,synthetic_client,中证2000增强,-0.5395510710029011,-0.4461425014012491,-0.4881763577219925,0.7000000000000001,-0.13172345040539474,13,0.6757,-0.1532,7.49276065340675,0.004003575041696344,-0.4623205389707887,0.10252316166249777,0.6716964249583036,0.30912053897078867
保守防御型_16,synthetic_client,化工ETF优选策略,-0.7589409393354082,-0.4142773490086953,-0.569375964655716,0.7000000000000001,-0.18856317525900118,14,1.496,-0.1441,13.158559383276927,0.004003575041696344,-0.4623205389707887,0.10252316166249777,1.4919964249583038,0.31822053897078867
保守防御型_16,synthetic_client,形态识别,-0.8684165385017463,-0.36126919219106285,-0.5894854980308704,0.7000000000000001,-0.20263984862160922,15,0.3346,-0.2057,5.96181387741118,0.004003575041696344,-0.4623205389707887,0.10252316166249777,0.33059642495830366,0.2566205389707887
保守防御型_16,synthetic_client,杠铃,-0.7622981496085199,-0.49153133558297685,-0.6133764018944712,0.7000000000000001,-0.21936348132612976,16,0.3119,-0.12,4.2040829150504715,0.004003575041696344,-0.4623205389707887,0.10252316166249777,0.30789642495830366,0.3423205389707887
保守防御型_16,synthetic_client,中证1000增强,-0.8094547108078833,-0.45647465962811673,-0.6153156826590117,0.7000000000000001,-0.22072097786130818,17,1.2996,-0.2344,9.567229380375093,0.004003575041696344,-0.4623205389707887,0.10252316166249777,1.2955964249583038,0.22792053897078868
保守防御型_16,synthetic_client,科创参数加强板,-0.7621044934770255,-0.531612480578039,-0.635333886382583,0.7000000000000001,-0.23473372046780805,18,0.9702,-0.2884,5.061098940405834,0.004003575041696344,-0.4623205389707887,0.10252316166249777,0.9661964249583036,0.17392053897078869
保守防御型_16,synthetic_client,中证800增强,-0.8127443122214256,-0.528183479211833,-0.6562358540661497,0.7000000000000001,-0.24936509784630473,19,1.238,-0.1227,6.566927244654411,0.004003575041696344,-0.4623205389707887,0.10252316166249777,1.2339964249583038,0.3396205389707887
保守防御型_16,synthetic_client,旅游ETF增强,-0.8648289024987407,-0.46920606956822153,-0.6472363443869551,-0.15000000000000005,-0.4980654410708686,20,-0.127,-0.2114,-2.344353438691611,0.004003575041696344,-0.4623205389707887,0.10252316166249777,-0.13100357504169635,0.2509205389707887
保守防御型_21,synthetic_client,食品ETF增强,0.6914574150823305,0.3676026771813346,0.5133373092367828,1.0,0.6593361164657479,1,0.0353,-0.1321,0.5463719973242132,0.003760213246128248,-0.6,0.07610020034509143,0.03153978675387175,0.4679
保守防御型_21,synthetic_client,煤炭周期优选动态轮动策略,0.7478193202333898,0.07176127969540823,0.37598739793749997,0.7000000000000001,0.47319117855625,2,0.0537,-0.2129,0.3714099011610187,0.003760213246128248,-0.6,0.07610020034509143,0.04993978675387175,0.3871
保守防御型_21,synthetic_client,半导体优选策略,0.4781999610358734,-0.05129944450767407,0.1869752879869223,0.7000000000000001,0.34088270159084566,3,0.9891,-0.1962,5.912804034378871,0.003760213246128248,-0.6,0.07610020034509143,0.9853397867538717,0.40379999999999994
保守防御型_21,synthetic_client,计算机ETF优选策略,0.41550713858837435,-0.10331950330951818,0.13015248554453346,0.7000000000000001,0.3011067398811734,4,1.0552,-0.2322,4.597496829588051,0.003760213246128248,-0.6,0.07610020034509143,1.0514397867538716,0.3678
保守防御型_21,synthetic_client,军工ETF增强,0.329154287478469,-0.12637162563868823,0.07861503526403252,0.7000000000000001,0.2650305246848228,5,0.7849,-0.2151,3.910415057358552,0.003760213246128248,-0.6,0.07610020034509143,0.7811397867538717,0.38489999999999996
保守防御型_21,synthetic_client,双创50增强,0.7414324439559936,-0.7194938751629015,-0.062077031559398754,0.7000000000000001,0.1665460779084209,6,1.1131,-0.2103,2.867896615430161,0.003760213246128248,-0.6,0.07610020034509143,1.1093397867538717,0.3897
保守防御型_21,synthetic_client,动量趋势策略,-0.673943732677856,-0.007277902518174044,-0.3072775260900309,1.0,0.08490573173697838,7,1.3091,-0.1214,27.88755024876618,0.003760213246128248,-0.6,0.07610020034509143,1.3053397867538716,0.47859999999999997
保守防御型_21,synthetic_client,医疗ETF增强,-0.18513206956112926,-0.2262282010953439,-0.20773494190494732,0.7000000000000001,0.0645855406665369,8,0.2091,-0.1908,1.9020858347784249,0.003760213246128248,-0.6,0.07610020034509143,0.20533978675387177,0.4092
保守防御型_21,synthetic_client,沪深300增强策略,-0.3062134054720316,-0.3223189971861331,-0.3150714809147874,0.7000000000000001,-0.010550036640351174,9,0.593,-0.1756,3.9042532739466216,0.003760213246128248,-0.6,0.07610020034509143,0.5892397867538717,0.4244
保守防御型_21,synthetic_client,通信ETF增强,-0.550565332196168,-0.20226224604441273,-0.3589986348127026,0.7000000000000001,-0.04129904436889181,10,2.4045,-0.2064,16.149844475140775,0.003760213246128248,-0.6,0.07610020034509143,2.400739786753872,0.39359999999999995
保守防御型_21,synthetic_client,均衡持仓,-0.19326889125517177,-0.5693565740855626,-0.4001171168118868,0.7000000000000001,-0.0700819817683207,11,0.4361,-0.0939,3.4354423013943003,0.003760213246128248,-0.6,0.07610020034509143,0.43233978675387175,0.5061
保守防御型_21,synthetic_client,成长红利量化选股,-0.15404056588624168,-0.7123113779742098,-0.4610895125346242,0.7000000000000001,-0.11276265877423691,12,0.2151,-0.0739,1.7040340115393744,0.003760213246128248,-0.6,0.07610020034509143,0.21133978675387177,0.5261
保守防御型_21,synthetic_client,杠铃,-0.6264161108003771,-0.33540970227393396,-0.46636258611083337,0.7000000000000001,-0.11645381027758334,13,0.3119,-0.12,4.2040829150504715,0.003760213246128248,-0.6,0.07610020034509143,0.30813978675387177,0.48
保守防御型_21,synthetic_client,化工ETF优选策略,-0.7939116588523566,-0.221978946226053,-0.47934866690788963,0.7000000000000001,-0.12554406683552272,14,1.496,-0.1441,13.158559383276927,0.003760213246128248,-0.6,0.07610020034509143,1.4922397867538717,0.45589999999999997
保守防御型_21,synthetic_client,形态识别,-0.9063062899807782,-0.4930487306609192,-0.6790146323548558,1.0,-0.17531024264839906,15,0.3346,-0.2057,5.96181387741118,0.003760213246128248,-0.6,0.07610020034509143,0.33083978675387177,0.3943
保守防御型_21,synthetic_client,中证2000增强,-0.692054357173918,-0.4646262675450326,-0.5669689078780311,0.7000000000000001,-0.18687823551462174,16,0.6757,-0.1532,7.49276065340675,0.003760213246128248,-0.6,0.07610020034509143,0.6719397867538717,0.4468
保守防御型_21,synthetic_client,科创参数加强板,-0.6677628723521296,-0.5380110861650296,-0.5963993899492246,0.7000000000000001,-0.20747957296445718,17,0.9702,-0.2884,5.061098940405834,0.003760213246128248,-0.6,0.07610020034509143,0.9664397867538717,0.3116
保守防御型_21,synthetic_client,中证1000增强,-0.7871465986066412,-0.5397398278164041,-0.6510728746720108,0.7000000000000001,-0.24575101227040752,18,1.2996,-0.2344,9.567229380375093,0.003760213246128248,-0.6,0.07610020034509143,1.2958397867538718,0.3656
保守防御型_21,synthetic_client,中证800增强,-0.7804410503294814,-0.5954151367562351,-0.678676797864196,0.7000000000000001,-0.26507375850493714,19,1.238,-0.1227,6.566927244654411,0.003760213246128248,-0.6,0.07610020034509143,1.2342397867538717,0.47729999999999995
保守防御型_21,synthetic_client,旅游ETF增强,-0.8246844587574547,-0.5144487266352352,-0.654054806090234,0.14999999999999997,-0.4128383642631638,20,-0.127,-0.2114,-2.344353438691611,0.003760213246128248,-0.6,0.07610020034509143,-0.13076021324612824,0.38859999999999995
均衡配置型_02,synthetic_client,医疗ETF增强,0.7718309129289112,-0.15396767237983883,0.2626416910090986,0.7000000000000001,0.393849183706369,1,0.2091,-0.1908,1.9020858347784249,0.0037802408559260313,-0.586357318149945,0.061812405207006406,0.20531975914407397,0.395557318149945
均衡配置型_02,synthetic_client,形态识别,0.1372916195027312,-0.3322281790086596,-0.12094426967853375,1.0,0.21533901122502636,2,0.3346,-0.2057,5.96181387741118,0.0037802408559260313,-0.586357318149945,0.061812405207006406,0.33081975914407397,0.38065731814994497
均衡配置型_02,synthetic_client,动量趋势策略,-0.3094158613663077,-0.06927548425177181,-0.17733865395331297,1.0,0.17586294223268092,3,1.3091,-0.1214,27.88755024876618,0.0037802408559260313,-0.586357318149945,0.061812405207006406,1.305319759144074,0.46495731814994495
均衡配置型_02,synthetic_client,双创50增强,0.31230532635850106,-0.37378306455071353,-0.06504328864156697,0.7000000000000001,0.16446969795090316,4,1.1131,-0.2103,2.867896615430161,0.0037802408559260313,-0.586357318149945,0.061812405207006406,1.109319759144074,0.376057318149945
均衡配置型_02,synthetic_client,中证2000增强,0.1356160263214622,-0.5287376238312997,-0.2297784812625569,0.7000000000000001,0.04915506311621021,5,0.6757,-0.1532,7.49276065340675,0.0037802408559260313,-0.586357318149945,0.061812405207006406,0.671919759144074,0.43315731814994496
均衡配置型_02,synthetic_client,沪深300增强策略,-0.8230200832401188,0.23848424132572676,-0.2391927047289037,0.7000000000000001,0.04256510668976746,6,0.593,-0.1756,3.9042532739466216,0.0037802408559260313,-0.586357318149945,0.061812405207006406,0.589219759144074,0.410757318149945
均衡配置型_02,synthetic_client,食品ETF增强,-0.3008979706106137,-0.4452793494897514,-0.38030772899413945,1.0,0.03378458970410242,7,0.0353,-0.1321,0.5463719973242132,0.0037802408559260313,-0.586357318149945,0.061812405207006406,0.03151975914407397,0.45425731814994497
均衡配置型_02,synthetic_client,中证1000增强,-0.6379445267417033,-0.33617226288203433,-0.4719697816188854,0.7000000000000001,-0.12037884713321978,8,1.2996,-0.2344,9.567229380375093,0.0037802408559260313,-0.586357318149945,0.061812405207006406,1.295819759144074,0.35195731814994496
均衡配置型_02,synthetic_client,通信ETF增强,-0.10657572228750574,-0.8294930425422513,-0.5041802484276159,0.7000000000000001,-0.1429261738993311,9,2.4045,-0.2064,16.149844475140775,0.0037802408559260313,-0.586357318149945,0.061812405207006406,2.400719759144074,0.37995731814994493
均衡配置型_02,synthetic_client,科创参数加强板,-0.578504720974053,-0.5103905465892452,-0.5410419250624088,0.7000000000000001,-0.16872934754368613,10,0.9702,-0.2884,5.061098940405834,0.0037802408559260313,-0.586357318149945,0.061812405207006406,0.966419759144074,0.29795731814994497
均衡配置型_02,synthetic_client,煤炭周期优选动态轮动策略,-0.447812031116409,-0.6754684143697389,-0.5730230419057405,0.7000000000000001,-0.19111612933401828,11,0.0537,-0.2129,0.3714099011610187,0.0037802408559260313,-0.586357318149945,0.061812405207006406,0.04991975914407397,0.373457318149945
均衡配置型_02,synthetic_client,杠铃,-0.5480836100810438,-0.7002937197487918,-0.6317991703983052,0.7000000000000001,-0.2322594192788136,12,0.3119,-0.12,4.2040829150504715,0.0037802408559260313,-0.586357318149945,0.061812405207006406,0.30811975914407397,0.46635731814994497
均衡配置型_02,synthetic_client,成长红利量化选股,-0.9840846825974804,-0.34889427939834594,-0.6347299608379564,0.7000000000000001,-0.2343109725865694,13,0.2151,-0.0739,1.7040340115393744,0.0037802408559260313,-0.586357318149945,0.061812405207006406,0.21131975914407397,0.512457318149945
均衡配置型_02,synthetic_client,计算机ETF优选策略,-0.619724011409834,-0.7709976016080061,-0.7029244860188287,0.7000000000000001,-0.28204714021318006,14,1.0552,-0.2322,4.597496829588051,0.0037802408559260313,-0.586357318149945,0.061812405207006406,1.051419759144074,0.354157318149945
均衡配置型_02,synthetic_client,军工ETF增强,-0.7188529090704421,-0.7076124447879311,-0.7126706537150611,0.7000000000000001,-0.2888694576005427,15,0.7849,-0.2151,3.910415057358552,0.0037802408559260313,-0.586357318149945,0.061812405207006406,0.781119759144074,0.37125731814994495
均衡配置型_02,synthetic_client,半导体优选策略,-0.6506841029824652,-0.8006585105601899,-0.7331700271502137,0.7000000000000001,-0.3032190190051495,16,0.9891,-0.1962,5.912804034378871,0.0037802408559260313,-0.586357318149945,0.061812405207006406,0.985319759144074,0.3901573181499449
均衡配置型_02,synthetic_client,均衡持仓,-0.8595836162381946,-0.6335240834387573,-0.7352508731985041,0.7000000000000001,-0.30467561123895287,17,0.4361,-0.0939,3.4354423013943003,0.0037802408559260313,-0.586357318149945,0.061812405207006406,0.43231975914407395,0.492457318149945
均衡配置型_02,synthetic_client,中证800增强,-0.6474351079092674,-0.8097946776585958,-0.7367328712713981,0.7000000000000001,-0.30571300988997857,18,1.238,-0.1227,6.566927244654411,0.0037802408559260313,-0.586357318149945,0.061812405207006406,1.234219759144074,0.46365731814994493
均衡配置型_02,synthetic_client,化工ETF优选策略,-0.5618525848529469,-0.8805519837782848,-0.7371372542618828,0.7000000000000001,-0.3059960779833179,19,1.496,-0.1441,13.158559383276927,0.0037802408559260313,-0.586357318149945,0.061812405207006406,1.492219759144074,0.44225731814994496
均衡配置型_02,synthetic_client,旅游ETF增强,-0.7118100005198003,-0.8276394613569648,-0.7755162039802408,0.14999999999999997,-0.4978613427861685,20,-0.127,-0.2114,-2.344353438691611,0.0037802408559260313,-0.586357318149945,0.061812405207006406,-0.13078024085592604,0.37495731814994493
均衡配置型_07,synthetic_client,医疗ETF增强,0.7370426611258569,0.3415923604506242,0.519544995754479,0.7000000000000001,0.5736814970281353,1,0.2091,-0.1908,1.9020858347784249,0.00833673284200048,-0.6,0.009236891934654129,0.20076326715799953,0.4092
均衡配置型_07,synthetic_client,双创50增强,0.4641128533015427,-0.12483178324461207,0.14019330320115758,0.7000000000000001,0.3081353122408103,2,1.1131,-0.2103,2.867896615430161,0.00833673284200048,-0.6,0.009236891934654129,1.1047632671579994,0.3897
均衡配置型_07,synthetic_client,形态识别,0.17540369205250728,-0.4211831524662477,-0.15271907243280797,1.0,0.1930966492970344,3,0.3346,-0.2057,5.96181387741118,0.00833673284200048,-0.6,0.009236891934654129,0.3262632671579995,0.3943
均衡配置型_07,synthetic_client,食品ETF增强,-0.12371113479974034,-0.40575489736670883,-0.27883520421157304,0.7000000000000001,0.014815357051898903,4,0.0353,-0.1321,0.5463719973242132,0.00833673284200048,-0.6,0.009236891934654129,0.02696326715799952,0.4679
均衡配置型_07,synthetic_client,中证2000增强,0.19330800549282684,-0.6883848420524794,-0.2916230606570916,0.7000000000000001,0.005863857540035905,5,0.6757,-0.1532,7.49276065340675,0.00833673284200048,-0.6,0.009236891934654129,0.6673632671579995,0.4468
均衡配置型_07,synthetic_client,动量趋势策略,-0.5091879815972182,-0.4506373578505413,-0.47698513853654595,1.0,-0.03388959697558214,6,1.3091,-0.1214,27.88755024876618,0.00833673284200048,-0.6,0.009236891934654129,1.3007632671579994,0.47859999999999997
均衡配置型_07,synthetic_client,军工ETF增强,-0.5127147170233264,-0.2657025693029934,-0.3768580357771433,0.7000000000000001,-0.05380062504400024,7,0.7849,-0.2151,3.910415057358552,0.00833673284200048,-0.6,0.009236891934654129,0.7765632671579996,0.38489999999999996
均衡配置型_07,synthetic_client,沪深300增强策略,-0.9142036603082369,-0.05945621910245522,-0.44409256764505695,0.7000000000000001,-0.1008647973515398,8,0.593,-0.1756,3.9042532739466216,0.00833673284200048,-0.6,0.009236891934654129,0.5846632671579995,0.4244
均衡配置型_07,synthetic_client,科创参数加强板,-0.24964757086963463,-0.7246150391102549,-0.5108796784019758,0.7000000000000001,-0.147615774881383,9,0.9702,-0.2884,5.061098940405834,0.00833673284200048,-0.6,0.009236891934654129,0.9618632671579995,0.3116
均衡配置型_07,synthetic_client,煤炭周期优选动态轮动策略,-0.43642934279444595,-0.6006243400911371,-0.5267365913076261,0.7000000000000001,-0.15871561391533823,10,0.0537,-0.2129,0.3714099011610187,0.00833673284200048,-0.6,0.009236891934654129,0.045363267157999515,0.3871
均衡配置型_07,synthetic_client,均衡持仓,-0.6592099159566973,-0.5430396910191461,-0.5953162922410442,0.7000000000000001,-0.2067214045687309,11,0.4361,-0.0939,3.4354423013943003,0.00833673284200048,-0.6,0.009236891934654129,0.4277632671579995,0.5061
均衡配置型_07,synthetic_client,通信ETF增强,-0.38089554707434364,-0.7967336244651716,-0.6096064896392991,0.7000000000000001,-0.2167245427475093,12,2.4045,-0.2064,16.149844475140775,0.00833673284200048,-0.6,0.009236891934654129,2.3961632671579998,0.39359999999999995
均衡配置型_07,synthetic_client,成长红利量化选股,-0.9228983297779106,-0.4090036121913734,-0.6402562351053152,0.7000000000000001,-0.23817936457372058,13,0.2151,-0.0739,1.7040340115393744,0.00833673284200048,-0.6,0.009236891934654129,0.20676326715799953,0.5261
均衡配置型_07,synthetic_client,中证1000增强,-0.6956299316966711,-0.6035454886994457,-0.6449834880481972,0.7000000000000001,-0.24148844163373795,14,1.2996,-0.2344,9.567229380375093,0.00833673284200048,-0.6,0.009236891934654129,1.2912632671579996,0.3656
均衡配置型_07,synthetic_client,计算机ETF优选策略,-0.7950472734705526,-0.5370725340664368,-0.653161166798289,0.7000000000000001,-0.2472128167588022,15,1.0552,-0.2322,4.597496829588051,0.00833673284200048,-0.6,0.009236891934654129,1.0468632671579994,0.3678
均衡配置型_07,synthetic_client,半导体优选策略,-0.7545472699902404,-0.6111901602792565,-0.6757008596491993,0.7000000000000001,-0.2629906017544395,16,0.9891,-0.1962,5.912804034378871,0.00833673284200048,-0.6,0.009236891934654129,0.9807632671579996,0.40379999999999994
均衡配置型_07,synthetic_client,化工ETF优选策略,-0.597322985973254,-0.7692405824874389,-0.6918776640560557,0.7000000000000001,-0.27431436483923893,17,1.496,-0.1441,13.158559383276927,0.00833673284200048,-0.6,0.009236891934654129,1.4876632671579995,0.45589999999999997
均衡配置型_07,synthetic_client,中证800增强,-0.7038732592514804,-0.698285834970374,-0.7008001758968718,0.7000000000000001,-0.2805601231278102,18,1.238,-0.1227,6.566927244654411,0.00833673284200048,-0.6,0.009236891934654129,1.2296632671579995,0.47729999999999995
均衡配置型_07,synthetic_client,杠铃,-0.49005349110967633,-0.8769096830873674,-0.7028243966974065,0.7000000000000001,-0.2819770776881845,19,0.3119,-0.12,4.2040829150504715,0.00833673284200048,-0.6,0.009236891934654129,0.30356326715799953,0.48
均衡配置型_07,synthetic_client,旅游ETF增强,-0.679571998562644,-0.6277704763198793,-0.6510811613291234,0.14999999999999997,-0.41075681293038635,20,-0.127,-0.2114,-2.344353438691611,0.00833673284200048,-0.6,0.009236891934654129,-0.13533673284200048,0.38859999999999995
均衡配置型_12,synthetic_client,食品ETF增强,0.2812392074804074,-0.04617807000192723,0.10115970486512338,1.0,0.37081179340558634,1,0.0353,-0.1321,0.5463719973242132,0.005361635268006967,-0.6,0.1713745314425229,0.02993836473199303,0.4679
均衡配置型_12,synthetic_client,医疗ETF增强,0.3879924394946268,-0.010671986211298291,0.168727005356368,0.7000000000000001,0.3281089037494576,2,0.2091,-0.1908,1.9020858347784249,0.005361635268006967,-0.6,0.1713745314425229,0.20373836473199303,0.4092
均衡配置型_12,synthetic_client,双创50增强,0.7105399771104071,-0.5945062569519547,-0.007235451623891942,0.7000000000000001,0.20493518386327567,3,1.1131,-0.2103,2.867896615430161,0.005361635268006967,-0.6,0.1713745314425229,1.107738364731993,0.3897
均衡配置型_12,synthetic_client,煤炭周期优选动态轮动策略,0.14336924157025943,-0.3258422979637657,-0.1146971051734544,0.7000000000000001,0.12971202637858195,4,0.0537,-0.2129,0.3714099011610187,0.005361635268006967,-0.6,0.1713745314425229,0.04833836473199303,0.3871
均衡配置型_12,synthetic_client,军工ETF增强,-0.21959600127493933,-0.2676910435350355,-0.24604827451799222,0.7000000000000001,0.037766207837405474,5,0.7849,-0.2151,3.910415057358552,0.005361635268006967,-0.6,0.1713745314425229,0.7795383647319931,0.38489999999999996
均衡配置型_12,synthetic_client,半导体优选策略,-0.222483967862155,-0.44669040707025376,-0.34579750942660936,0.7000000000000001,-0.03205825659862652,6,0.9891,-0.1962,5.912804034378871,0.005361635268006967,-0.6,0.1713745314425229,0.983738364731993,0.40379999999999994
均衡配置型_12,synthetic_client,形态识别,-0.42684707282874246,-0.5164304703652003,-0.4761179414737943,1.0,-0.033282559031656,7,0.3346,-0.2057,5.96181387741118,0.005361635268006967,-0.6,0.1713745314425229,0.329238364731993,0.3943
均衡配置型_12,synthetic_client,动量趋势策略,-0.7167185612902339,-0.3140339299383489,-0.4952420140466972,1.0,-0.046669409832688025,8,1.3091,-0.1214,27.88755024876618,0.005361635268006967,-0.6,0.1713745314425229,1.303738364731993,0.47859999999999997
均衡配置型_12,synthetic_client,计算机ETF优选策略,-0.2670102009545169,-0.4586750385702857,-0.37242586164318975,0.7000000000000001,-0.050698103150232765,9,1.0552,-0.2322,4.597496829588051,0.005361635268006967,-0.6,0.1713745314425229,1.0498383647319929,0.3678
均衡配置型_12,synthetic_client,中证2000增强,-0.33581199219776,-0.6884315075431746,-0.5297527256377381,0.7000000000000001,-0.16082690794641663,10,0.6757,-0.1532,7.49276065340675,0.005361635268006967,-0.6,0.1713745314425229,0.670338364731993,0.4468
均衡配置型_12,synthetic_client,通信ETF增强,-0.5282664088985783,-0.6493468939425552,-0.5948606756727657,0.7000000000000001,-0.20640247297093595,11,2.4045,-0.2064,16.149844475140775,0.005361635268006967,-0.6,0.1713745314425229,2.3991383647319933,0.39359999999999995
均衡配置型_12,synthetic_client,沪深300增强策略,-0.8178130994807772,-0.4141122634950957,-0.5957776396886524,0.7000000000000001,-0.2070443477820566,12,0.593,-0.1756,3.9042532739466216,0.005361635268006967,-0.6,0.1713745314425229,0.587638364731993,0.4244
均衡配置型_12,synthetic_client,均衡持仓,-0.6176770682484322,-0.6464044538336667,-0.6334771303203113,0.7000000000000001,-0.23343399122421782,13,0.4361,-0.0939,3.4354423013943003,0.005361635268006967,-0.6,0.1713745314425229,0.430738364731993,0.5061
均衡配置型_12,synthetic_client,科创参数加强板,-0.6664987664547704,-0.7789445589664769,-0.728343952336209,0.7000000000000001,-0.29984076663534626,14,0.9702,-0.2884,5.061098940405834,0.005361635268006967,-0.6,0.1713745314425229,0.964838364731993,0.3116
均衡配置型_12,synthetic_client,成长红利量化选股,-0.7510438484669844,-0.7325720663912624,-0.7408843683253372,0.7000000000000001,-0.30861905782773597,15,0.2151,-0.0739,1.7040340115393744,0.005361635268006967,-0.6,0.1713745314425229,0.20973836473199303,0.5261
均衡配置型_12,synthetic_client,杠铃,-0.704002959871696,-0.7722859542565211,-0.74155860678335,0.7000000000000001,-0.3090910247483449,16,0.3119,-0.12,4.2040829150504715,0.005361635268006967,-0.6,0.1713745314425229,0.30653836473199303,0.48
均衡配置型_12,synthetic_client,化工ETF优选策略,-0.9057802129745997,-0.6167106501654489,-0.7467919534295668,0.7000000000000001,-0.3127543674006968,17,1.496,-0.1441,13.158559383276927,0.005361635268006967,-0.6,0.1713745314425229,1.490638364731993,0.45589999999999997
均衡配置型_12,synthetic_client,中证1000增强,-0.946394886578391,-0.765996943879009,-0.8471760180937309,0.7000000000000001,-0.3830232126656115,18,1.2996,-0.2344,9.567229380375093,0.005361635268006967,-0.6,0.1713745314425229,1.294238364731993,0.3656
均衡配置型_12,synthetic_client,中证800增强,-0.94557665844768,-0.7670524610775534,-0.8473883498941104,0.7000000000000001,-0.38317184492587725,19,1.238,-0.1227,6.566927244654411,0.005361635268006967,-0.6,0.1713745314425229,1.232638364731993,0.47729999999999995
均衡配置型_12,synthetic_client,旅游ETF增强,-0.9841238661219371,-0.6886771189593893,-0.821628155182536,0.14999999999999997,-0.530139708627775,20,-0.127,-0.2114,-2.344353438691611,0.005361635268006967,-0.6,0.1713745314425229,-0.13236163526800698,0.38859999999999995
均衡配置型_17,synthetic_client,医疗ETF增强,0.8727628101562609,0.19184220885000908,0.49825647943782236,0.7000000000000001,0.5587795356064756,1,0.2091,-0.1908,1.9020858347784249,0.004932843734189898,-0.6,0.0586187665197491,0.2041671562658101,0.4092
均衡配置型_17,synthetic_client,形态识别,0.43164532362945207,-0.40571709181879484,-0.02890400486708375,1.0,0.2797671965930414,2,0.3346,-0.2057,5.96181387741118,0.004932843734189898,-0.6,0.0586187665197491,0.3296671562658101,0.3943
均衡配置型_17,synthetic_client,动量趋势策略,-0.1466778257757778,-0.3382832661793748,-0.25206081799775615,1.0,0.12355742740157069,3,1.3091,-0.1214,27.88755024876618,0.004932843734189898,-0.6,0.0586187665197491,1.30416715626581,0.47859999999999997
均衡配置型_17,synthetic_client,双创50增强,0.13852945163430325,-0.4475828149090396,-0.18383229496453535,0.7000000000000001,0.08131739352482528,4,1.1131,-0.2103,2.867896615430161,0.004932843734189898,-0.6,0.0586187665197491,1.10816715626581,0.3897
均衡配置型_17,synthetic_client,中证2000增强,0.39930224336046555,-0.6879625967726347,-0.19869341871273963,0.7000000000000001,0.07091460690108228,5,0.6757,-0.1532,7.49276065340675,0.004932843734189898,-0.6,0.0586187665197491,0.6707671562658101,0.4468
均衡配置型_17,synthetic_client,食品ETF增强,-0.4923104862776577,-0.31979542073488865,-0.39742720022913475,1.0,0.02180095983960567,6,0.0353,-0.1321,0.5463719973242132,0.004932843734189898,-0.6,0.0586187665197491,0.0303671562658101,0.4679
均衡配置型_17,synthetic_client,通信ETF增强,0.006588011812972966,-0.8021237051999147,-0.4382034325441153,0.7000000000000001,-0.0967424027808807,7,2.4045,-0.2064,16.149844475140775,0.004932843734189898,-0.6,0.0586187665197491,2.3995671562658103,0.39359999999999995
均衡配置型_17,synthetic_client,沪深300增强策略,-0.7666893386485468,-0.3816180773934522,-0.5549001449582448,0.7000000000000001,-0.17843010147077132,8,0.593,-0.1756,3.9042532739466216,0.004932843734189898,-0.6,0.0586187665197491,0.5880671562658101,0.4244
均衡配置型_17,synthetic_client,军工ETF增强,-0.805250139689954,-0.3505413934094216,-0.5551603292356612,0.7000000000000001,-0.17861223046496277,9,0.7849,-0.2151,3.910415057358552,0.004932843734189898,-0.6,0.0586187665197491,0.7799671562658101,0.38489999999999996
均衡配置型_17,synthetic_client,化工ETF优选策略,-0.32869023712294815,-0.7557407150693112,-0.5635679999934479,0.7000000000000001,-0.18449759999541349,10,1.496,-0.1441,13.158559383276927,0.004932843734189898,-0.6,0.0586187665197491,1.49106715626581,0.45589999999999997
均衡配置型_17,synthetic_client,科创参数加强板,-0.3208881603638803,-0.8249936302774709,-0.5981461688163552,0.7000000000000001,-0.20870231817144858,11,0.9702,-0.2884,5.061098940405834,0.004932843734189898,-0.6,0.0586187665197491,0.9652671562658101,0.3116
均衡配置型_17,synthetic_client,中证800增强,-0.441656563116382,-0.741994534605609,-0.6068424474354569,0.7000000000000001,-0.21478971320481977,12,1.238,-0.1227,6.566927244654411,0.004932843734189898,-0.6,0.0586187665197491,1.23306715626581,0.47729999999999995
均衡配置型_17,synthetic_client,煤炭周期优选动态轮动策略,-0.7001493360211277,-0.5679450674513624,-0.6274369883077568,0.7000000000000001,-0.22920589181542972,13,0.0537,-0.2129,0.3714099011610187,0.004932843734189898,-0.6,0.0586187665197491,0.0487671562658101,0.3871
均衡配置型_17,synthetic_client,中证1000增强,-0.42785261653375084,-0.7947121864350494,-0.6296253799794651,0.7000000000000001,-0.2307377659856255,14,1.2996,-0.2344,9.567229380375093,0.004932843734189898,-0.6,0.0586187665197491,1.29466715626581,0.3656
均衡配置型_17,synthetic_client,杠铃,-0.3838909685505686,-0.8928388829891803,-0.663812321491805,0.7000000000000001,-0.25466862504426346,15,0.3119,-0.12,4.2040829150504715,0.004932843734189898,-0.6,0.0586187665197491,0.3069671562658101,0.48
均衡配置型_17,synthetic_client,计算机ETF优选策略,-0.8075260734665048,-0.5849322319154766,-0.6850994606134393,0.7000000000000001,-0.26956962242940746,16,1.0552,-0.2322,4.597496829588051,0.004932843734189898,-0.6,0.0586187665197491,1.05026715626581,0.3678
均衡配置型_17,synthetic_client,均衡持仓,-0.8011703936205073,-0.6346574394417583,-0.7095882688221955,0.7000000000000001,-0.2867117881755368,17,0.4361,-0.0939,3.4354423013943003,0.004932843734189898,-0.6,0.0586187665197491,0.4311671562658101,0.5061
均衡配置型_17,synthetic_client,半导体优选策略,-0.8425240165074194,-0.6011487871177111,-0.7097676403430799,0.7000000000000001,-0.2868373482401559,18,0.9891,-0.1962,5.912804034378871,0.004932843734189898,-0.6,0.0586187665197491,0.9841671562658101,0.40379999999999994
均衡配置型_17,synthetic_client,成长红利量化选股,-0.9657039758599364,-0.6713139992593566,-0.8037894887296175,0.7000000000000001,-0.35265264211073216,19,0.2151,-0.0739,1.7040340115393744,0.004932843734189898,-0.6,0.0586187665197491,0.21016715626581012,0.5261
均衡配置型_17,synthetic_client,旅游ETF增强,-0.4721482746755501,-0.7331132323618987,-0.6156790014030419,0.14999999999999997,-0.3859753009821293,20,-0.127,-0.2114,-2.344353438691611,0.004932843734189898,-0.6,0.0586187665197491,-0.1319328437341899,0.38859999999999995
均衡配置型_22,synthetic_client,医疗ETF增强,0.8247325034050972,0.3665990408753561,0.5727590990137397,0.7000000000000001,0.6109313693096178,1,0.2091,-0.1908,1.9020858347784249,-0.0009163373539592783,-0.6,0.11190750052084286,0.21001633735395928,0.4092
均衡配置型_22,synthetic_client,双创50增强,0.48608166500692174,-0.15800326515309687,0.1318349534189115,0.7000000000000001,0.30228446739323805,2,1.1131,-0.2103,2.867896615430161,-0.0009163373539592783,-0.6,0.11190750052084286,1.1140163373539593,0.3897
均衡配置型_22,synthetic_client,食品ETF增强,-0.18414932323090635,-0.061913551177441836,-0.11691964860150086,1.0,0.2181562459789494,3,0.0353,-0.1321,0.5463719973242132,-0.0009163373539592783,-0.6,0.11190750052084286,0.03621633735395928,0.4679
均衡配置型_22,synthetic_client,中证2000增强,0.21790449423171268,-0.24450682812360236,-0.03642173306371059,0.7000000000000001,0.1845047868554026,4,0.6757,-0.1532,7.49276065340675,-0.0009163373539592783,-0.6,0.11190750052084286,0.6766163373539592,0.4468
均衡配置型_22,synthetic_client,形态识别,0.029630285488348753,-0.4348013028331622,-0.2258070880884823,1.0,0.1419350383380624,5,0.3346,-0.2057,5.96181387741118,-0.0009163373539592783,-0.6,0.11190750052084286,0.3355163373539593,0.3943
均衡配置型_22,synthetic_client,通信ETF增强,-0.20554020573853138,-0.15607999036076303,-0.1783370872807588,0.7000000000000001,0.08516403890346887,6,2.4045,-0.2064,16.149844475140775,-0.0009163373539592783,-0.6,0.11190750052084286,2.405416337353959,0.39359999999999995
均衡配置型_22,synthetic_client,煤炭周期优选动态轮动策略,-0.368141356915137,-0.091009665700141,-0.2157189267468892,0.7000000000000001,0.0589967512771776,7,0.0537,-0.2129,0.3714099011610187,-0.0009163373539592783,-0.6,0.11190750052084286,0.05461633735395928,0.3871
均衡配置型_22,synthetic_client,军工ETF增强,-0.6145001666700797,0.09902891589476306,-0.22205917125941615,0.7000000000000001,0.05455858011840872,8,0.7849,-0.2151,3.910415057358552,-0.0009163373539592783,-0.6,0.11190750052084286,0.7858163373539593,0.38489999999999996
均衡配置型_22,synthetic_client,半导体优选策略,-0.5764397170543277,0.041156056255122524,-0.23676204173413007,0.7000000000000001,0.04426657078610899,9,0.9891,-0.1962,5.912804034378871,-0.0009163373539592783,-0.6,0.11190750052084286,0.9900163373539592,0.40379999999999994
均衡配置型_22,synthetic_client,计算机ETF优选策略,-0.5765664280458871,0.039714345466587565,-0.23761200261402604,0.7000000000000001,0.04367159817018179,10,1.0552,-0.2322,4.597496829588051,-0.0009163373539592783,-0.6,0.11190750052084286,1.0561163373539593,0.3678
均衡配置型_22,synthetic_client,动量趋势策略,-0.38480316695247613,-0.3948340303210029,-0.3903201418051659,1.0,0.026775900736383862,11,1.3091,-0.1214,27.88755024876618,-0.0009163373539592783,-0.6,0.11190750052084286,1.3100163373539593,0.47859999999999997
均衡配置型_22,synthetic_client,化工ETF优选策略,-0.5685770539278348,-0.13198027369525722,-0.3284488247999171,0.7000000000000001,-0.019914177359941942,12,1.496,-0.1441,13.158559383276927,-0.0009163373539592783,-0.6,0.11190750052084286,1.4969163373539593,0.45589999999999997
均衡配置型_22,synthetic_client,杠铃,-0.7029138375289448,-0.35863161326605947,-0.5135586141843579,0.7000000000000001,-0.1494910299290505,13,0.3119,-0.12,4.2040829150504715,-0.0009163373539592783,-0.6,0.11190750052084286,0.3128163373539593,0.48
均衡配置型_22,synthetic_client,中证800增强,-0.7321686667799097,-0.3564755165565162,-0.5255374341570432,0.7000000000000001,-0.15787620390993024,14,1.238,-0.1227,6.566927244654411,-0.0009163373539592783,-0.6,0.11190750052084286,1.2389163373539593,0.47729999999999995
均衡配置型_22,synthetic_client,科创参数加强板,-0.5574218909489146,-0.5035640422340654,-0.5278000741557476,0.7000000000000001,-0.1594600519090233,15,0.9702,-0.2884,5.061098940405834,-0.0009163373539592783,-0.6,0.11190750052084286,0.9711163373539592,0.3116
均衡配置型_22,synthetic_client,沪深300增强策略,-0.792489957949952,-0.4978196465149849,-0.6304212866607202,0.7000000000000001,-0.23129490066250408,16,0.593,-0.1756,3.9042532739466216,-0.0009163373539592783,-0.6,0.11190750052084286,0.5939163373539592,0.4244
均衡配置型_22,synthetic_client,中证1000增强,-0.7133229647756705,-0.5636744104085905,-0.6310162598737765,0.7000000000000001,-0.23171138191164353,17,1.2996,-0.2344,9.567229380375093,-0.0009163373539592783,-0.6,0.11190750052084286,1.3005163373539594,0.3656
均衡配置型_22,synthetic_client,均衡持仓,-0.8693973548157656,-0.45741970632011575,-0.6428096481431582,0.7000000000000001,-0.2399667537002107,18,0.4361,-0.0939,3.4354423013943003,-0.0009163373539592783,-0.6,0.11190750052084286,0.4370163373539593,0.5061
均衡配置型_22,synthetic_client,旅游ETF增强,-0.7618504121881271,-0.14092303856314597,-0.4203403566943875,0.14999999999999997,-0.24923824968607128,19,-0.127,-0.2114,-2.344353438691611,-0.0009163373539592783,-0.6,0.11190750052084286,-0.12608366264604073,0.38859999999999995
均衡配置型_22,synthetic_client,成长红利量化选股,-0.9824574247963174,-0.5064873667713148,-0.720673892882566,0.7000000000000001,-0.2944717250177961,20,0.2151,-0.0739,1.7040340115393744,-0.0009163373539592783,-0.6,0.11190750052084286,0.21601633735395928,0.5261
客户A,real_client,双创50增强,0.9132072235529751,-0.04319656187199339,0.38718514156924244,0.7000000000000001,0.4810295990984697,1,1.1131,-0.2103,2.867896615430161,0.011559843400979528,-0.4683287869160522,0.16550961438403938,1.1015401565990204,0.2580287869160522
客户A,real_client,食品ETF增强,0.7467939011841226,-0.15143096288894045,0.2527702259439379,1.0,0.4769391581607565,2,0.0353,-0.1321,0.5463719973242132,0.011559843400979528,-0.4683287869160522,0.16550961438403938,0.02374015659902047,0.3362287869160522
客户A,real_client,医疗ETF增强,-0.031061431905301178,0.6800421488110032,0.3600455374886663,0.7000000000000001,0.46203187624206643,3,0.2091,-0.1908,1.9020858347784249,0.011559843400979528,-0.4683287869160522,0.16550961438403938,0.19754015659902047,0.2775287869160522
客户A,real_client,军工ETF增强,0.33506991148302817,0.03805919021219095,0.17171401478406773,0.7000000000000001,0.33019981034884743,4,0.7849,-0.2151,3.910415057358552,0.011559843400979528,-0.4683287869160522,0.16550961438403938,0.7733401565990206,0.25322878691605216
客户A,real_client,半导体优选策略,0.24886670065682864,0.023033003166707245,0.12465816703726189,0.7000000000000001,0.29726071692608336,5,0.9891,-0.1962,5.912804034378871,0.011559843400979528,-0.4683287869160522,0.16550961438403938,0.9775401565990205,0.27212878691605213
客户A,real_client,煤炭周期优选动态轮动策略,0.6365111863842957,-0.3180395412690973,0.11150828617492956,0.7000000000000001,0.2880558003224507,6,0.0537,-0.2129,0.3714099011610187,0.011559843400979528,-0.4683287869160522,0.16550961438403938,0.04214015659902047,0.2554287869160522
客户A,real_client,计算机ETF优选策略,0.13627792980928347,0.0606347768826411,0.09467419569963018,0.7000000000000001,0.2762719369897411,7,1.0552,-0.2322,4.597496829588051,0.011559843400979528,-0.4683287869160522,0.16550961438403938,1.0436401565990203,0.23612878691605219
客户A,real_client,沪深300增强策略,-0.5290038067841857,-0.07939786286419463,-0.2817205376281906,0.7000000000000001,0.012795623660266597,8,0.593,-0.1756,3.9042532739466216,0.011559843400979528,-0.4683287869160522,0.16550961438403938,0.5814401565990205,0.2927287869160522
客户A,real_client,动量趋势策略,-0.8695711748653213,-0.21261010465936941,-0.5082425862520478,1.0,-0.055769810376433415,9,1.3091,-0.1214,27.88755024876618,0.011559843400979528,-0.4683287869160522,0.16550961438403938,1.2975401565990203,0.34692878691605217
客户A,real_client,成长红利量化选股,-0.3066149813275565,-0.4793097648747784,-0.40159711227852857,0.7000000000000001,-0.07111797859496993,10,0.2151,-0.0739,1.7040340115393744,0.011559843400979528,-0.4683287869160522,0.16550961438403938,0.20354015659902047,0.3944287869160522
客户A,real_client,均衡持仓,-0.2129064432581722,-0.6422479704280152,-0.4490442832015859,0.7000000000000001,-0.10433099824111008,11,0.4361,-0.0939,3.4354423013943003,0.011559843400979528,-0.4683287869160522,0.16550961438403938,0.42454015659902045,0.3744287869160522
客户A,real_client,形态识别,-0.8189649885779792,-0.42821087573308575,-0.6040502265132878,1.0,-0.12283515855930144,12,0.3346,-0.2057,5.96181387741118,0.011559843400979528,-0.4683287869160522,0.16550961438403938,0.32304015659902047,0.2626287869160522
客户A,real_client,杠铃,-0.6902270999833484,-0.5959658690832803,-0.638383422988311,1.0,-0.14686839609181768,13,0.3119,-0.12,4.2040829150504715,0.011559843400979528,-0.4683287869160522,0.16550961438403938,0.30034015659902047,0.3483287869160522
客户A,real_client,通信ETF增强,-0.7705311011869621,-0.37038835208620446,-0.5504525891815455,0.7000000000000001,-0.1753168124270818,14,2.4045,-0.2064,16.149844475140775,0.011559843400979528,-0.4683287869160522,0.16550961438403938,2.3929401565990207,0.26192878691605215
客户A,real_client,化工ETF优选策略,-0.8999701483727343,-0.3371970420657272,-0.5904449399038805,0.7000000000000001,-0.20331145793271627,15,1.496,-0.1441,13.158559383276927,0.011559843400979528,-0.4683287869160522,0.16550961438403938,1.4844401565990204,0.32422878691605217
客户A,real_client,科创参数加强板,-0.5005966371494216,-0.7082866976718359,-0.6148261704367495,0.7000000000000001,-0.2203783193057246,16,0.9702,-0.2884,5.061098940405834,0.011559843400979528,-0.4683287869160522,0.16550961438403938,0.9586401565990205,0.17992878691605219
客户A,real_client,中证2000增强,-0.5707579751248515,-0.696826600482478,-0.6400957190715462,0.7000000000000001,-0.23806700335008224,17,0.6757,-0.1532,7.49276065340675,0.011559843400979528,-0.4683287869160522,0.16550961438403938,0.6641401565990205,0.3151287869160522
客户A,real_client,中证800增强,-0.9337229274756889,-0.52124831102088,-0.706861888425544,0.7000000000000001,-0.2848033218978807,18,1.238,-0.1227,6.566927244654411,0.011559843400979528,-0.4683287869160522,0.16550961438403938,1.2264401565990204,0.34562878691605214
客户A,real_client,中证1000增强,-0.9375459359068259,-0.6200427019497171,-0.7629191572304161,0.7000000000000001,-0.3240434100612913,19,1.2996,-0.2344,9.567229380375093,0.011559843400979528,-0.4683287869160522,0.16550961438403938,1.2880401565990205,0.23392878691605218
客户A,real_client,旅游ETF增强,-0.9158949644730227,-0.45264078779257944,-0.6611051672987789,0.14999999999999997,-0.4177736171091452,20,-0.127,-0.2114,-2.344353438691611,0.011559843400979528,-0.4683287869160522,0.16550961438403938,-0.13855984340097954,0.25692878691605214
客户B,real_client,医疗ETF增强,0.44928382515954696,0.21455678109581733,0.32018395092449564,0.7000000000000001,0.434128765647147,1,0.2091,-0.1908,1.9020858347784249,-0.002353728547867063,-0.9917872553841675,-0.06542906747848307,0.21145372854786706,0.8009872553841675
客户B,real_client,形态识别,0.9726918930461737,-0.4515807202568893,0.18934195572948903,0.7000000000000001,0.3425393690106423,2,0.3346,-0.2057,5.96181387741118,-0.002353728547867063,-0.9917872553841675,-0.06542906747848307,0.3369537285478671,0.7860872553841675
客户B,real_client,化工ETF优选策略,0.3687181484890535,-0.3442045100186949,-0.023389313690208136,0.7000000000000001,0.19362748041685432,3,1.496,-0.1441,13.158559383276927,-0.002353728547867063,-0.9917872553841675,-0.06542906747848307,1.498353728547867,0.8476872553841674
客户B,real_client,通信ETF增强,0.4814060462824867,-0.44173521701579943,-0.026321648531570707,0.7000000000000001,0.19157484602790054,4,2.4045,-0.2064,16.149844475140775,-0.002353728547867063,-0.9917872553841675,-0.06542906747848307,2.4068537285478673,0.7853872553841674
客户B,real_client,中证800增强,0.4255339102752941,-0.4741798121756125,-0.06930863707270457,0.7000000000000001,0.16148395404910681,5,1.238,-0.1227,6.566927244654411,-0.002353728547867063,-0.9917872553841675,-0.06542906747848307,1.240353728547867,0.8690872553841674
客户B,real_client,动量趋势策略,0.46228097300556226,-0.5068592031168703,-0.07074612386177564,0.7000000000000001,0.16047771329675709,6,1.3091,-0.1214,27.88755024876618,-0.002353728547867063,-0.9917872553841675,-0.06542906747848307,1.311453728547867,0.8703872553841675
客户B,real_client,杠铃,0.4776540181480828,-0.7043418740862748,-0.1724437225808139,0.7000000000000001,0.08928939419343031,7,0.3119,-0.12,4.2040829150504715,-0.002353728547867063,-0.9917872553841675,-0.06542906747848307,0.3142537285478671,0.8717872553841675
客户B,real_client,中证2000增强,0.5219526216143233,-0.7450994835138197,-0.17492603620615538,0.7000000000000001,0.08755177465569126,8,0.6757,-0.1532,7.49276065340675,-0.002353728547867063,-0.9917872553841675,-0.06542906747848307,0.678053728547867,0.8385872553841675
客户B,real_client,军工ETF增强,-0.7346654178917024,0.2131818067755034,-0.21334944432473918,0.7000000000000001,0.060655388972682606,9,0.7849,-0.2151,3.910415057358552,-0.002353728547867063,-0.9917872553841675,-0.06542906747848307,0.7872537285478671,0.7766872553841675
客户B,real_client,中证1000增强,0.4216638858729854,-0.7330189222780442,-0.2134116586100809,0.7000000000000001,0.060611838972943394,10,1.2996,-0.2344,9.567229380375093,-0.002353728547867063,-0.9917872553841675,-0.06542906747848307,1.301953728547867,0.7573872553841674
客户B,real_client,科创参数加强板,0.295671133894333,-0.7143116715668109,-0.25981940910929613,0.7000000000000001,0.028126413623492746,11,0.9702,-0.2884,5.061098940405834,-0.002353728547867063,-0.9917872553841675,-0.06542906747848307,0.972553728547867,0.7033872553841675
客户B,real_client,均衡持仓,-0.21263795160886398,-0.3119078302362884,-0.2672363848539474,0.7000000000000001,0.022934530602236852,12,0.4361,-0.0939,3.4354423013943003,-0.002353728547867063,-0.9917872553841675,-0.06542906747848307,0.43845372854786707,0.8978872553841675
客户B,real_client,食品ETF增强,-0.8460478831103746,0.19482102627492787,-0.27356998294845825,0.7000000000000001,0.018501011936079254,13,0.0353,-0.1321,0.5463719973242132,-0.002353728547867063,-0.9917872553841675,-0.06542906747848307,0.03765372854786706,0.8596872553841675
客户B,real_client,沪深300增强策略,-0.2250608837430805,-0.4749500548033031,-0.362499927826203,0.7000000000000001,-0.04374994947834204,14,0.593,-0.1756,3.9042532739466216,-0.002353728547867063,-0.9917872553841675,-0.06542906747848307,0.5953537285478671,0.8161872553841675
客户B,real_client,旅游ETF增强,0.39759690640708867,-0.3701707334147188,-0.024675295494905436,-0.15000000000000005,-0.062272706846433816,15,-0.127,-0.2114,-2.344353438691611,-0.002353728547867063,-0.9917872553841675,-0.06542906747848307,-0.12464627145213295,0.7803872553841674
客户B,real_client,计算机ETF优选策略,-0.748038287173909,-0.14552832361336002,-0.4166578072156071,0.7000000000000001,-0.08166046505092489,16,1.0552,-0.2322,4.597496829588051,-0.002353728547867063,-0.9917872553841675,-0.06542906747848307,1.057553728547867,0.7595872553841675
客户B,real_client,煤炭周期优选动态轮动策略,-0.946295066633249,-0.04958185764880322,-0.45310280169180384,0.7000000000000001,-0.10717196118426264,17,0.0537,-0.2129,0.3714099011610187,-0.002353728547867063,-0.9917872553841675,-0.06542906747848307,0.05605372854786706,0.7788872553841675
客户B,real_client,成长红利量化选股,-0.35349397341257316,-0.5539572405472936,-0.4637487703366694,0.7000000000000001,-0.11462413923566855,18,0.2151,-0.0739,1.7040340115393744,-0.002353728547867063,-0.9917872553841675,-0.06542906747848307,0.21745372854786707,0.9178872553841675
客户B,real_client,半导体优选策略,-0.8447856195729283,-0.16687287933706466,-0.4719336124432033,0.7000000000000001,-0.1203535287102423,19,0.9891,-0.1962,5.912804034378871,-0.002353728547867063,-0.9917872553841675,-0.06542906747848307,0.9914537285478671,0.7955872553841674
客户B,real_client,双创50增强,-0.6710689700010373,-0.31668991081060766,-0.476160487446301,0.7000000000000001,-0.12331234121241069,20,1.1131,-0.2103,2.867896615430161,-0.002353728547867063,-0.9917872553841675,-0.06542906747848307,1.115453728547867,0.7814872553841674
客户C,real_client,中证2000增强,0.525777927745091,0.48404933480524676,0.5028272016281767,0.7000000000000001,0.5619790411397236,1,0.6757,-0.1532,7.49276065340675,0.00510590101668526,-0.49043128444906553,0.09958965164422462,0.6705940989833147,0.3372312844490655
客户C,real_client,形态识别,0.43294006975998756,0.1128858140265743,0.25691022910661027,1.0,0.4798371603746272,2,0.3346,-0.2057,5.96181387741118,0.00510590101668526,-0.49043128444906553,0.09958965164422462,0.3294940989833147,0.28473128444906554
客户C,real_client,动量趋势策略,-0.14777809237615258,0.12901536621218204,0.004458309847431466,1.0,0.303120816893202,3,1.3091,-0.1214,27.88755024876618,0.00510590101668526,-0.49043128444906553,0.09958965164422462,1.3039940989833148,0.3690312844490655
客户C,real_client,医疗ETF增强,0.9222519969532639,-0.5989907735695473,0.0855684731657177,0.7000000000000001,0.2698979312160024,4,0.2091,-0.1908,1.9020858347784249,0.00510590101668526,-0.49043128444906553,0.09958965164422462,0.20399409898331475,0.2996312844490655
客户C,real_client,科创参数加强板,-0.22684733430972784,0.28409149520948074,0.05416902192583688,0.7000000000000001,0.24791831534808584,5,0.9702,-0.2884,5.061098940405834,0.00510590101668526,-0.49043128444906553,0.09958965164422462,0.9650940989833147,0.20203128444906554
客户C,real_client,中证1000增强,-0.4105471729367414,0.3215032544188889,-0.007919437891144743,0.7000000000000001,0.2044563934761987,6,1.2996,-0.2344,9.567229380375093,0.00510590101668526,-0.49043128444906553,0.09958965164422462,1.294494098983315,0.25603128444906553
客户C,real_client,双创50增强,0.20614419260504227,-0.19247338518009058,-0.013095475176780808,0.7000000000000001,0.20083316737625345,7,1.1131,-0.2103,2.867896615430161,0.00510590101668526,-0.49043128444906553,0.09958965164422462,1.1079940989833148,0.28013128444906554
客户C,real_client,通信ETF增强,-0.028089091874801228,-0.16715750064555665,-0.10457671669871671,0.7000000000000001,0.13679629831089835,8,2.4045,-0.2064,16.149844475140775,0.00510590101668526,-0.49043128444906553,0.09958965164422462,2.399394098983315,0.28403128444906556
客户C,real_client,杠铃,-0.437622147979472,0.13459054362755152,-0.12290516759560909,0.7000000000000001,0.12396638268307367,9,0.3119,-0.12,4.2040829150504715,0.00510590101668526,-0.49043128444906553,0.09958965164422462,0.3067940989833148,0.37043128444906553
客户C,real_client,沪深300增强策略,-0.7127479508301318,0.1792392392842242,-0.222154996267236,0.7000000000000001,0.05449150261293484,10,0.593,-0.1756,3.9042532739466216,0.00510590101668526,-0.49043128444906553,0.09958965164422462,0.5878940989833147,0.3148312844490655
客户C,real_client,中证800增强,-0.43192532683141344,-0.08826001272000118,-0.24290940407013673,0.7000000000000001,0.03996341715090432,11,1.238,-0.1227,6.566927244654411,0.00510590101668526,-0.49043128444906553,0.09958965164422462,1.2328940989833148,0.36773128444906555
客户C,real_client,化工ETF优选策略,-0.25849662909621274,-0.2721295148422846,-0.26599471625655224,0.7000000000000001,0.023803698620413455,12,1.496,-0.1441,13.158559383276927,0.00510590101668526,-0.49043128444906553,0.09958965164422462,1.4908940989833148,0.3463312844490655
客户C,real_client,均衡持仓,-0.7764752885104615,0.044276675146498676,-0.32506170849913346,0.7000000000000001,-0.01754319594939338,13,0.4361,-0.0939,3.4354423013943003,0.00510590101668526,-0.49043128444906553,0.09958965164422462,0.43099409898331476,0.39653128444906555
客户C,real_client,成长红利量化选股,-0.940326544954339,0.10981605263072433,-0.36274811628255416,0.7000000000000001,-0.04392368139778785,14,0.2151,-0.0739,1.7040340115393744,0.00510590101668526,-0.49043128444906553,0.09958965164422462,0.20999409898331475,0.4165312844490655
客户C,real_client,食品ETF增强,-0.45753446718822316,-0.3178862755738534,-0.3807279618003198,0.7000000000000001,-0.05650957326022382,15,0.0353,-0.1321,0.5463719973242132,0.00510590101668526,-0.49043128444906553,0.09958965164422462,0.030194098983314738,0.35833128444906553
客户C,real_client,煤炭周期优选动态轮动策略,-0.7038624287430963,-0.26355034803749294,-0.46169078435501454,0.7000000000000001,-0.11318354904851013,16,0.0537,-0.2129,0.3714099011610187,0.00510590101668526,-0.49043128444906553,0.09958965164422462,0.04859409898331474,0.2775312844490655
客户C,real_client,旅游ETF增强,-0.4281626494136274,-0.11867862949350443,-0.25794643845755977,0.14999999999999997,-0.13556250692029184,17,-0.127,-0.2114,-2.344353438691611,0.00510590101668526,-0.49043128444906553,0.09958965164422462,-0.13210590101668526,0.27903128444906555
客户C,real_client,军工ETF增强,-0.7424835616573252,-0.5921342640405141,-0.6597914479680791,0.7000000000000001,-0.2518540135776553,18,0.7849,-0.2151,3.910415057358552,0.00510590101668526,-0.49043128444906553,0.09958965164422462,0.7797940989833148,0.2753312844490655
客户C,real_client,计算机ETF优选策略,-0.8145498899776312,-0.5691328409647776,-0.6795705130205617,0.7000000000000001,-0.26569935911439313,19,1.0552,-0.2322,4.597496829588051,0.00510590101668526,-0.49043128444906553,0.09958965164422462,1.0500940989833147,0.2582312844490655
客户C,real_client,半导体优选策略,-0.8286862047946909,-0.5604368216361326,-0.6811490440574839,0.7000000000000001,-0.2668043308402387,20,0.9891,-0.1962,5.912804034378871,0.00510590101668526,-0.49043128444906553,0.09958965164422462,0.9839940989833147,0.29423128444906554
成长进攻型_04,synthetic_client,医疗ETF增强,0.483305802237778,-0.02116736861822789,0.2058455582669748,0.7000000000000001,0.35409189078688236,1,0.2091,-0.1908,1.9020858347784249,0.0045133496272154894,-0.6,0.07248678491611263,0.2045866503727845,0.4092
成长进攻型_04,synthetic_client,形态识别,0.430848706317691,-0.48228044521931346,-0.07137232702766147,1.0,0.25003937108063695,2,0.3346,-0.2057,5.96181387741118,0.0045133496272154894,-0.6,0.07248678491611263,0.3300866503727845,0.3943
成长进攻型_04,synthetic_client,食品ETF增强,-0.12218285846911331,-0.2208856896687834,-0.17646941562893187,1.0,0.17647140905974767,3,0.0353,-0.1321,0.5463719973242132,0.0045133496272154894,-0.6,0.07248678491611263,0.03078665037278451,0.4679
成长进攻型_04,synthetic_client,动量趋势策略,-0.4796256347174729,-0.12420821165897293,-0.2841460520352979,1.0,0.10109776357529146,4,1.3091,-0.1214,27.88755024876618,0.0045133496272154894,-0.6,0.07248678491611263,1.3045866503727845,0.47859999999999997
成长进攻型_04,synthetic_client,双创50增强,0.2265082140267048,-0.6178877338517185,-0.237909557306428,0.7000000000000001,0.04346330988550043,5,1.1131,-0.2103,2.867896615430161,0.0045133496272154894,-0.6,0.07248678491611263,1.1085866503727846,0.3897
成长进攻型_04,synthetic_client,中证2000增强,0.15652208546189664,-0.7433245226094557,-0.3383935489773472,0.7000000000000001,-0.026875484284142992,6,0.6757,-0.1532,7.49276065340675,0.0045133496272154894,-0.6,0.07248678491611263,0.6711866503727845,0.4468
成长进攻型_04,synthetic_client,科创参数加强板,0.22484751955194904,-0.8023766620400397,-0.3401257803236448,0.7000000000000001,-0.02808804622655134,7,0.9702,-0.2884,5.061098940405834,0.0045133496272154894,-0.6,0.07248678491611263,0.9656866503727844,0.3116
成长进攻型_04,synthetic_client,杠铃,-0.029979177452249213,-0.8386078869727572,-0.4747249676885286,1.0,-0.03230747738197004,8,0.3119,-0.12,4.2040829150504715,0.0045133496272154894,-0.6,0.07248678491611263,0.3073866503727845,0.48
成长进攻型_04,synthetic_client,军工ETF增强,-0.34964977911552386,-0.5269743801973205,-0.44717830971051203,0.7000000000000001,-0.10302481679735837,9,0.7849,-0.2151,3.910415057358552,0.0045133496272154894,-0.6,0.07248678491611263,0.7803866503727845,0.38489999999999996
成长进攻型_04,synthetic_client,沪深300增强策略,-0.867624744774065,-0.15022338723097828,-0.4730539981253673,0.7000000000000001,-0.12113779868775709,10,0.593,-0.1756,3.9042532739466216,0.0045133496272154894,-0.6,0.07248678491611263,0.5884866503727845,0.4244
成长进攻型_04,synthetic_client,煤炭周期优选动态轮动策略,-0.5233525157616669,-0.5525414230985196,-0.539406414796936,0.7000000000000001,-0.1675844903578551,11,0.0537,-0.2129,0.3714099011610187,0.0045133496272154894,-0.6,0.07248678491611263,0.04918665037278451,0.3871
成长进攻型_04,synthetic_client,均衡持仓,-0.253344063949151,-0.8007879795697317,-0.5544382175404704,0.7000000000000001,-0.17810675227832923,12,0.4361,-0.0939,3.4354423013943003,0.0045133496272154894,-0.6,0.07248678491611263,0.4315866503727845,0.5061
成长进攻型_04,synthetic_client,中证1000增强,-0.4462764628428728,-0.7059923494500381,-0.5891202004768137,0.7000000000000001,-0.20238414033376956,13,1.2996,-0.2344,9.567229380375093,0.0045133496272154894,-0.6,0.07248678491611263,1.2950866503727847,0.3656
成长进攻型_04,synthetic_client,通信ETF增强,-0.44146653842951894,-0.8085054837549982,-0.6433379583585326,0.7000000000000001,-0.24033657085097276,14,2.4045,-0.2064,16.149844475140775,0.0045133496272154894,-0.6,0.07248678491611263,2.3999866503727847,0.39359999999999995
成长进攻型_04,synthetic_client,化工ETF优选策略,-0.44603576345537277,-0.8173631346531053,-0.6502658176141257,0.7000000000000001,-0.24518607232988793,15,1.496,-0.1441,13.158559383276927,0.0045133496272154894,-0.6,0.07248678491611263,1.4914866503727846,0.45589999999999997
成长进攻型_04,synthetic_client,成长红利量化选股,-0.6563905557294948,-0.7070959642005267,-0.6842785303885623,0.7000000000000001,-0.26899497127199357,16,0.2151,-0.0739,1.7040340115393744,0.0045133496272154894,-0.6,0.07248678491611263,0.2105866503727845,0.5261
成长进攻型_04,synthetic_client,中证800增强,-0.4374322839054162,-0.9119024971731404,-0.6983909012026646,0.7000000000000001,-0.2788736308418651,17,1.238,-0.1227,6.566927244654411,0.0045133496272154894,-0.6,0.07248678491611263,1.2334866503727846,0.47729999999999995
成长进攻型_04,synthetic_client,半导体优选策略,-0.8887007799396793,-0.6262333508752297,-0.744343693954232,0.7000000000000001,-0.3110405857679624,18,0.9891,-0.1962,5.912804034378871,0.0045133496272154894,-0.6,0.07248678491611263,0.9845866503727845,0.40379999999999994
成长进攻型_04,synthetic_client,计算机ETF优选策略,-0.955084567022549,-0.6238936800032858,-0.7729295791619544,0.7000000000000001,-0.33105070541336795,19,1.0552,-0.2322,4.597496829588051,0.0045133496272154894,-0.6,0.07248678491611263,1.0506866503727845,0.3678
成长进攻型_04,synthetic_client,旅游ETF增强,-0.3596100416077554,-0.911176654598822,-0.662971678752842,0.14999999999999997,-0.4190801751269894,20,-0.127,-0.2114,-2.344353438691611,0.0045133496272154894,-0.6,0.07248678491611263,-0.1315133496272155,0.38859999999999995
成长进攻型_09,synthetic_client,医疗ETF增强,0.906976250952728,0.41784016893018,0.6379514058403266,0.7000000000000001,0.6565659840882286,1,0.2091,-0.1908,1.9020858347784249,0.007022950643163195,-0.6,0.06485954027082307,0.20207704935683682,0.4092
成长进攻型_09,synthetic_client,中证2000增强,0.4189735674731391,-0.19862493377171642,0.07929439178846856,0.7000000000000001,0.265506074251928,2,0.6757,-0.1532,7.49276065340675,0.007022950643163195,-0.6,0.06485954027082307,0.6686770493568368,0.4468
成长进攻型_09,synthetic_client,双创50增强,0.16908646620952736,-0.02042542413066108,0.06485492652242372,0.7000000000000001,0.2553984485656966,3,1.1131,-0.2103,2.867896615430161,0.007022950643163195,-0.6,0.06485954027082307,1.1060770493568368,0.3897
成长进攻型_09,synthetic_client,形态识别,0.18766759348743337,-0.3724607205063887,-0.12040297920916877,1.0,0.21571791455358186,4,0.3346,-0.2057,5.96181387741118,0.007022950643163195,-0.6,0.06485954027082307,0.3275770493568368,0.3943
成长进攻型_09,synthetic_client,通信ETF增强,0.23440857420508251,-0.4639798894254757,-0.1497050807917245,0.7000000000000001,0.10520644344579287,5,2.4045,-0.2064,16.149844475140775,0.007022950643163195,-0.6,0.06485954027082307,2.3974770493568367,0.39359999999999995
成长进攻型_09,synthetic_client,动量趋势策略,0.03725667872704477,-0.5489720188680537,-0.28516910495025943,1.0,0.10038162653481839,6,1.3091,-0.1214,27.88755024876618,0.007022950643163195,-0.6,0.06485954027082307,1.3020770493568368,0.47859999999999997
成长进攻型_09,synthetic_client,食品ETF增强,-0.5114503946994964,-0.420360698354994,-0.4613510617100201,1.0,-0.02294574319701409,7,0.0353,-0.1321,0.5463719973242132,0.007022950643163195,-0.6,0.06485954027082307,0.0282770493568368,0.4679
成长进攻型_09,synthetic_client,化工ETF优选策略,-0.23674856811538322,-0.4543593371994465,-0.35643449111161807,0.7000000000000001,-0.039504143778132605,8,1.496,-0.1441,13.158559383276927,0.007022950643163195,-0.6,0.06485954027082307,1.4889770493568368,0.45589999999999997
成长进攻型_09,synthetic_client,计算机ETF优选策略,-0.4252937032757474,-0.3406591986521612,-0.378744725732775,0.7000000000000001,-0.05512130801294246,9,1.0552,-0.2322,4.597496829588051,0.007022950643163195,-0.6,0.06485954027082307,1.0481770493568368,0.3678
成长进攻型_09,synthetic_client,沪深300增强策略,-0.5049244618241884,-0.3570276597914254,-0.42358122070616877,0.7000000000000001,-0.08650685449431811,10,0.593,-0.1756,3.9042532739466216,0.007022950643163195,-0.6,0.06485954027082307,0.5859770493568368,0.4244
成长进攻型_09,synthetic_client,中证800增强,-0.42881613585826267,-0.4239937525144689,-0.42616382501917616,0.7000000000000001,-0.08831467751342326,11,1.238,-0.1227,6.566927244654411,0.007022950643163195,-0.6,0.06485954027082307,1.2309770493568368,0.47729999999999995
成长进攻型_09,synthetic_client,军工ETF增强,-0.8390128886651066,-0.10681308597030333,-0.43630299718296484,0.7000000000000001,-0.09541209802807532,12,0.7849,-0.2151,3.910415057358552,0.007022950643163195,-0.6,0.06485954027082307,0.7778770493568369,0.38489999999999996
成长进攻型_09,synthetic_client,半导体优选策略,-0.5059607478520844,-0.4022190313338393,-0.4489028037670496,0.7000000000000001,-0.10423196263693468,13,0.9891,-0.1962,5.912804034378871,0.007022950643163195,-0.6,0.06485954027082307,0.9820770493568368,0.40379999999999994
成长进攻型_09,synthetic_client,中证1000增强,-0.40039615748495516,-0.5281153040891824,-0.47064168811728013,0.7000000000000001,-0.11944918168209606,14,1.2996,-0.2344,9.567229380375093,0.007022950643163195,-0.6,0.06485954027082307,1.292577049356837,0.3656
成长进攻型_09,synthetic_client,煤炭周期优选动态轮动策略,-0.5318084939149289,-0.44154441195329736,-0.48216324883603157,0.7000000000000001,-0.12751427418522204,15,0.0537,-0.2129,0.3714099011610187,0.007022950643163195,-0.6,0.06485954027082307,0.0466770493568368,0.3871
成长进攻型_09,synthetic_client,杠铃,-0.6418993534615262,-0.5692719372026408,-0.6019542745191393,0.7000000000000001,-0.21136799216339747,16,0.3119,-0.12,4.2040829150504715,0.007022950643163195,-0.6,0.06485954027082307,0.3048770493568368,0.48
成长进攻型_09,synthetic_client,科创参数加强板,-0.6785472407910552,-0.5401485025322331,-0.6024279347487032,0.7000000000000001,-0.21169955432409215,17,0.9702,-0.2884,5.061098940405834,0.007022950643163195,-0.6,0.06485954027082307,0.9631770493568368,0.3116
成长进攻型_09,synthetic_client,旅游ETF增强,-0.5206269895148492,-0.2521911024074186,-0.3729872516057624,0.14999999999999997,-0.21609107612403367,18,-0.127,-0.2114,-2.344353438691611,0.007022950643163195,-0.6,0.06485954027082307,-0.1340229506431632,0.38859999999999995
成长进攻型_09,synthetic_client,成长红利量化选股,-0.9336935493297905,-0.40014711147183135,-0.640243008507913,0.7000000000000001,-0.23817010595553906,19,0.2151,-0.0739,1.7040340115393744,0.007022950643163195,-0.6,0.06485954027082307,0.20807704935683682,0.5261
成长进攻型_09,synthetic_client,均衡持仓,-0.9908508317171024,-0.3935940830099597,-0.6623596199281739,0.7000000000000001,-0.2536517339497217,20,0.4361,-0.0939,3.4354423013943003,0.007022950643163195,-0.6,0.06485954027082307,0.42907704935683677,0.5061
成长进攻型_14,synthetic_client,食品ETF增强,0.48559285704024413,-0.3243799485295874,0.04010781397683677,1.0,0.3280754697837857,1,0.0353,-0.1321,0.5463719973242132,0.0016289438634544537,-0.6,0.086189757519847,0.033671056136545544,0.4679
成长进攻型_14,synthetic_client,煤炭周期优选动态轮动策略,0.645938995163884,-0.5742733647674242,-0.025177802798335536,0.7000000000000001,0.19237553804116514,2,0.0537,-0.2129,0.3714099011610187,0.0016289438634544537,-0.6,0.086189757519847,0.05207105613654554,0.3871
成长进攻型_14,synthetic_client,医疗ETF增强,-0.376001126526534,0.16912147636518973,-0.07618369493608594,0.7000000000000001,0.15667141354473987,3,0.2091,-0.1908,1.9020858347784249,0.0016289438634544537,-0.6,0.086189757519847,0.20747105613654557,0.4092
成长进攻型_14,synthetic_client,双创50增强,0.35355390288245203,-0.457531841098126,-0.09254325630686588,0.7000000000000001,0.1452197205851939,4,1.1131,-0.2103,2.867896615430161,0.0016289438634544537,-0.6,0.086189757519847,1.1114710561365455,0.3897
成长进攻型_14,synthetic_client,军工ETF增强,0.19992724031503345,-0.3659821651591996,-0.11132293269579475,0.7000000000000001,0.13207394711294368,5,0.7849,-0.2151,3.910415057358552,0.0016289438634544537,-0.6,0.086189757519847,0.7832710561365456,0.38489999999999996
成长进攻型_14,synthetic_client,计算机ETF优选策略,0.42578331579602713,-0.6198510903880506,-0.1493156076052157,0.7000000000000001,0.10547907467634904,6,1.0552,-0.2322,4.597496829588051,0.0016289438634544537,-0.6,0.086189757519847,1.0535710561365454,0.3678
成长进攻型_14,synthetic_client,半导体优选策略,0.42629986987285,-0.6456307177697828,-0.163261953330598,0.7000000000000001,0.09571663266858142,7,0.9891,-0.1962,5.912804034378871,0.0016289438634544537,-0.6,0.086189757519847,0.9874710561365455,0.40379999999999994
成长进攻型_14,synthetic_client,动量趋势策略,-0.4667912264559515,-0.41231428540998005,-0.4368289088806672,1.0,-0.005780236216467061,8,1.3091,-0.1214,27.88755024876618,0.0016289438634544537,-0.6,0.086189757519847,1.3074710561365455,0.47859999999999997
成长进攻型_14,synthetic_client,沪深300增强策略,-0.2476810524762903,-0.36245110060801927,-0.31080457894874125,0.7000000000000001,-0.007563205264118855,9,0.593,-0.1756,3.9042532739466216,0.0016289438634544537,-0.6,0.086189757519847,0.5913710561365455,0.4244
成长进攻型_14,synthetic_client,均衡持仓,-0.08480404506657578,-0.6430175064676619,-0.3918214488371732,0.7000000000000001,-0.06427501418602116,10,0.4361,-0.0939,3.4354423013943003,0.0016289438634544537,-0.6,0.086189757519847,0.4344710561365455,0.5061
成长进攻型_14,synthetic_client,成长红利量化选股,-0.037859169968641214,-0.7025587861183957,-0.40344395885100626,0.7000000000000001,-0.07241077119570433,11,0.2151,-0.0739,1.7040340115393744,0.0016289438634544537,-0.6,0.086189757519847,0.21347105613654557,0.5261
成长进攻型_14,synthetic_client,形态识别,-0.7162124736128169,-0.47495122653786886,-0.5835187877215955,1.0,-0.10846315140511681,12,0.3346,-0.2057,5.96181387741118,0.0016289438634544537,-0.6,0.086189757519847,0.33297105613654554,0.3943
成长进攻型_14,synthetic_client,通信ETF增强,-0.31853779343991917,-0.8073595104183947,-0.5873897377780808,0.7000000000000001,-0.2011728164446565,13,2.4045,-0.2064,16.149844475140775,0.0016289438634544537,-0.6,0.086189757519847,2.402871056136546,0.39359999999999995
成长进攻型_14,synthetic_client,杠铃,-0.26656261374161416,-0.898545966454509,-0.6141534577337064,0.7000000000000001,-0.21990742041359446,14,0.3119,-0.12,4.2040829150504715,0.0016289438634544537,-0.6,0.086189757519847,0.31027105613654554,0.48
成长进攻型_14,synthetic_client,中证800增强,-0.5264860122939001,-0.7792534955335154,-0.6655081280756886,0.7000000000000001,-0.25585568965298194,15,1.238,-0.1227,6.566927244654411,0.0016289438634544537,-0.6,0.086189757519847,1.2363710561365455,0.47729999999999995
成长进攻型_14,synthetic_client,中证1000增强,-0.551730744818804,-0.7874282929772255,-0.6813643963059358,0.7000000000000001,-0.26695507741415503,16,1.2996,-0.2344,9.567229380375093,0.0016289438634544537,-0.6,0.086189757519847,1.2979710561365456,0.3656
成长进攻型_14,synthetic_client,化工ETF优选策略,-0.6989307797563382,-0.7771569160580313,-0.7419551547222694,0.7000000000000001,-0.3093686083055885,17,1.496,-0.1441,13.158559383276927,0.0016289438634544537,-0.6,0.086189757519847,1.4943710561365455,0.45589999999999997
成长进攻型_14,synthetic_client,中证2000增强,-0.862034189104893,-0.6511845426735626,-0.7460668835676614,0.7000000000000001,-0.31224681849736297,18,0.6757,-0.1532,7.49276065340675,0.0016289438634544537,-0.6,0.086189757519847,0.6740710561365455,0.4468
成长进攻型_14,synthetic_client,科创参数加强板,-0.6605348084231615,-0.8389434887356969,-0.758659582595056,0.7000000000000001,-0.32106170781653914,19,0.9702,-0.2884,5.061098940405834,0.0016289438634544537,-0.6,0.086189757519847,0.9685710561365455,0.3116
成长进攻型_14,synthetic_client,旅游ETF增强,-0.6360852961538797,-0.7357735031902031,-0.6909138100238575,0.14999999999999997,-0.43863966701670026,20,-0.127,-0.2114,-2.344353438691611,0.0016289438634544537,-0.6,0.086189757519847,-0.12862894386345444,0.38859999999999995
成长进攻型_19,synthetic_client,食品ETF增强,0.45902067266929564,-0.05147880341826949,0.1782459608211348,1.0,0.4247721725747943,1,0.0353,-0.1321,0.5463719973242132,0.00758341633732811,-0.6,0.06041421409441571,0.02771658366267189,0.4679
成长进攻型_19,synthetic_client,医疗ETF增强,0.38529312913836944,-0.17080177691294468,0.07944093081014666,0.7000000000000001,0.26560865156710267,2,0.2091,-0.1908,1.9020858347784249,0.00758341633732811,-0.6,0.06041421409441571,0.2015165836626719,0.4092
成长进攻型_19,synthetic_client,双创50增强,0.8784244204899945,-0.7327748551259188,-0.007735181098757815,0.7000000000000001,0.20458537323086956,3,1.1131,-0.2103,2.867896615430161,0.00758341633732811,-0.6,0.06041421409441571,1.105516583662672,0.3897
成长进攻型_19,synthetic_client,煤炭周期优选动态轮动策略,0.14648834757497528,-0.426831892566907,-0.16883778450306,0.7000000000000001,0.09181355084785803,4,0.0537,-0.2129,0.3714099011610187,0.00758341633732811,-0.6,0.06041421409441571,0.046116583662671885,0.3871
成长进攻型_19,synthetic_client,军工ETF增强,0.026150740900556944,-0.4411352889130015,-0.23085657549690025,0.7000000000000001,0.048400397152169844,5,0.7849,-0.2151,3.910415057358552,0.00758341633732811,-0.6,0.06041421409441571,0.777316583662672,0.38489999999999996
成长进攻型_19,synthetic_client,形态识别,-0.3780288529591242,-0.48822632458789234,-0.4386374623549467,1.0,-0.0070462236484626906,6,0.3346,-0.2057,5.96181387741118,0.00758341633732811,-0.6,0.06041421409441571,0.3270165836626719,0.3943
成长进攻型_19,synthetic_client,动量趋势策略,-0.8687238479338955,-0.2095841473574794,-0.5061970126168667,1.0,-0.05433790883180667,7,1.3091,-0.1214,27.88755024876618,0.00758341633732811,-0.6,0.06041421409441571,1.3015165836626719,0.47859999999999997
成长进攻型_19,synthetic_client,中证2000增强,-0.1637218197678515,-0.7251029331606159,-0.47248143213387195,0.7000000000000001,-0.12073700249371033,8,0.6757,-0.1532,7.49276065340675,0.00758341633732811,-0.6,0.06041421409441571,0.6681165836626719,0.4468
成长进攻型_19,synthetic_client,半导体优选策略,-0.29275492639111106,-0.6457558695230238,-0.48690544511366307,0.7000000000000001,-0.13083381157956409,9,0.9891,-0.1962,5.912804034378871,0.00758341633732811,-0.6,0.06041421409441571,0.9815165836626719,0.40379999999999994
成长进攻型_19,synthetic_client,沪深300增强策略,-0.821352914906408,-0.263195101645241,-0.5143661176127662,0.7000000000000001,-0.1500562823289363,10,0.593,-0.1756,3.9042532739466216,0.00758341633732811,-0.6,0.06041421409441571,0.5854165836626719,0.4244
成长进攻型_19,synthetic_client,均衡持仓,-0.3963445384424431,-0.6398586915154959,-0.5302773226326222,0.7000000000000001,-0.1611941258428355,11,0.4361,-0.0939,3.4354423013943003,0.00758341633732811,-0.6,0.06041421409441571,0.42851658366267187,0.5061
成长进攻型_19,synthetic_client,计算机ETF优选策略,-0.4170340909512796,-0.6496385692352236,-0.5449665540074489,0.7000000000000001,-0.1714765878052142,12,1.0552,-0.2322,4.597496829588051,0.00758341633732811,-0.6,0.06041421409441571,1.0476165836626719,0.3678
成长进攻型_19,synthetic_client,科创参数加强板,-0.27054779329780004,-0.8039914605267491,-0.563941810273722,0.7000000000000001,-0.1847592671916054,13,0.9702,-0.2884,5.061098940405834,0.00758341633732811,-0.6,0.06041421409441571,0.9626165836626719,0.3116
成长进攻型_19,synthetic_client,成长红利量化选股,-0.6469838305998001,-0.7757247022326179,-0.7177913099978499,0.7000000000000001,-0.29245391699849493,14,0.2151,-0.0739,1.7040340115393744,0.00758341633732811,-0.6,0.06041421409441571,0.2075165836626719,0.5261
成长进攻型_19,synthetic_client,杠铃,-0.6743986032133163,-0.826049366213245,-0.7578065228632771,0.7000000000000001,-0.3204645660042939,15,0.3119,-0.12,4.2040829150504715,0.00758341633732811,-0.6,0.06041421409441571,0.3043165836626719,0.48
成长进攻型_19,synthetic_client,通信ETF增强,-0.7821644406799434,-0.768982029238349,-0.7749141143870666,0.7000000000000001,-0.33243988007094655,16,2.4045,-0.2064,16.149844475140775,0.00758341633732811,-0.6,0.06041421409441571,2.396916583662672,0.39359999999999995
成长进攻型_19,synthetic_client,化工ETF优选策略,-0.8437465762570465,-0.7606619067083159,-0.7980500080052447,0.7000000000000001,-0.3486350056036713,17,1.496,-0.1441,13.158559383276927,0.00758341633732811,-0.6,0.06041421409441571,1.488416583662672,0.45589999999999997
成长进攻型_19,synthetic_client,中证1000增强,-0.9484606520216912,-0.7274426612311016,-0.8269007570868669,0.7000000000000001,-0.36883052996080684,18,1.2996,-0.2344,9.567229380375093,0.00758341633732811,-0.6,0.06041421409441571,1.292016583662672,0.3656
成长进攻型_19,synthetic_client,中证800增强,-0.9531461379741285,-0.8474019659154669,-0.8949868433418646,0.7000000000000001,-0.4164907903393052,19,1.238,-0.1227,6.566927244654411,0.00758341633732811,-0.6,0.06041421409441571,1.230416583662672,0.47729999999999995
成长进攻型_19,synthetic_client,旅游ETF增强,-0.8821918958289455,-0.871544659145696,-0.8763359156531583,0.14999999999999997,-0.5684351409572107,20,-0.127,-0.2114,-2.344353438691611,0.00758341633732811,-0.6,0.06041421409441571,-0.13458341633732812,0.38859999999999995
成长进攻型_24,synthetic_client,医疗ETF增强,0.9060583452180703,0.03275538229754178,0.4257417156117796,0.7000000000000001,0.5080192009282457,1,0.2091,-0.1908,1.9020858347784249,0.005913845047639676,-0.4628291968825184,0.06944549267030518,0.20318615495236034,0.27202919688251836
成长进攻型_24,synthetic_client,双创50增强,0.4002504040112578,-0.21498952165972487,0.06186844489221732,0.7000000000000001,0.2533079114245521,2,1.1131,-0.2103,2.867896615430161,0.005913845047639676,-0.4628291968825184,0.06944549267030518,1.1071861549523603,0.2525291968825184
成长进攻型_24,synthetic_client,形态识别,0.1742294807240635,-0.28848453761227166,-0.08026322936092085,1.0,0.2438157394473554,3,0.3346,-0.2057,5.96181387741118,0.005913845047639676,-0.4628291968825184,0.06944549267030518,0.3286861549523603,0.2571291968825184
成长进攻型_24,synthetic_client,中证2000增强,0.3867861043491842,-0.40552959544131645,-0.048987530535591184,0.7000000000000001,0.17570872862508619,4,0.6757,-0.1532,7.49276065340675,0.005913845047639676,-0.4628291968825184,0.06944549267030518,0.6697861549523603,0.3096291968825184
成长进攻型_24,synthetic_client,动量趋势策略,-0.27404157396334217,-0.24356374384979604,-0.25727876740089184,1.0,0.11990486281937571,5,1.3091,-0.1214,27.88755024876618,0.005913845047639676,-0.4628291968825184,0.06944549267030518,1.3031861549523602,0.3414291968825184
成长进攻型_24,synthetic_client,食品ETF增强,-0.30037271371819935,-0.4557436924221415,-0.38582675200536753,1.0,0.029921273596242748,6,0.0353,-0.1321,0.5463719973242132,0.005913845047639676,-0.4628291968825184,0.06944549267030518,0.02938615495236032,0.3307291968825184
成长进攻型_24,synthetic_client,沪深300增强策略,-0.7391753182300226,0.04870488086065271,-0.3058412087301512,0.7000000000000001,-0.004088846111105798,7,0.593,-0.1756,3.9042532739466216,0.005913845047639676,-0.4628291968825184,0.06944549267030518,0.5870861549523603,0.28722919688251836
成长进攻型_24,synthetic_client,中证1000增强,-0.5983086149377734,-0.3872384095175432,-0.4822200019566468,0.7000000000000001,-0.12755400136965273,8,1.2996,-0.2344,9.567229380375093,0.005913845047639676,-0.4628291968825184,0.06944549267030518,1.2936861549523604,0.2284291968825184
成长进攻型_24,synthetic_client,通信ETF增强,-0.11741633164780109,-0.7810776993531149,-0.4824300838857237,0.7000000000000001,-0.1277010587200066,9,2.4045,-0.2064,16.149844475140775,0.005913845047639676,-0.4628291968825184,0.06944549267030518,2.3985861549523606,0.2564291968825184
成长进攻型_24,synthetic_client,科创参数加强板,-0.45324911471279056,-0.5091920167042355,-0.4840177108080853,0.7000000000000001,-0.12881239756565965,10,0.9702,-0.2884,5.061098940405834,0.005913845047639676,-0.4628291968825184,0.06944549267030518,0.9642861549523603,0.1744291968825184
成长进攻型_24,synthetic_client,杠铃,-0.6530780597757656,-0.7095861952712802,-0.6841575342982986,1.0,-0.178910274008809,11,0.3119,-0.12,4.2040829150504715,0.005913845047639676,-0.4628291968825184,0.06944549267030518,0.3059861549523603,0.3428291968825184
成长进攻型_24,synthetic_client,军工ETF增强,-0.676830813428597,-0.48878221864255433,-0.5734040862962735,0.7000000000000001,-0.1913828604073914,12,0.7849,-0.2151,3.910415057358552,0.005913845047639676,-0.4628291968825184,0.06944549267030518,0.7789861549523603,0.24772919688251838
成长进攻型_24,synthetic_client,煤炭周期优选动态轮动策略,-0.5033472982854387,-0.6397644664860892,-0.5783767407957965,0.7000000000000001,-0.19486371855705747,13,0.0537,-0.2129,0.3714099011610187,0.005913845047639676,-0.4628291968825184,0.06944549267030518,0.04778615495236032,0.24992919688251838
成长进攻型_24,synthetic_client,成长红利量化选股,-0.984108695567074,-0.2854379474714889,-0.5998397841145022,0.7000000000000001,-0.2098878488801515,14,0.2151,-0.0739,1.7040340115393744,0.005913845047639676,-0.4628291968825184,0.06944549267030518,0.20918615495236034,0.38892919688251837
成长进攻型_24,synthetic_client,化工ETF优选策略,-0.4265412055345373,-0.8153808415596875,-0.6404030053483699,0.7000000000000001,-0.2382821037438589,15,1.496,-0.1441,13.158559383276927,0.005913845047639676,-0.4628291968825184,0.06944549267030518,1.4900861549523603,0.3187291968825184
成长进攻型_24,synthetic_client,中证800增强,-0.6222285205209612,-0.675471458710328,-0.651512136525113,0.7000000000000001,-0.24605849556757903,16,1.238,-0.1227,6.566927244654411,0.005913845047639676,-0.4628291968825184,0.06944549267030518,1.2320861549523603,0.3401291968825184
成长进攻型_24,synthetic_client,均衡持仓,-0.8720387159779519,-0.48839836272163023,-0.661036521686975,0.7000000000000001,-0.25272556518088246,17,0.4361,-0.0939,3.4354423013943003,0.005913845047639676,-0.4628291968825184,0.06944549267030518,0.4301861549523603,0.3689291968825184
成长进攻型_24,synthetic_client,计算机ETF优选策略,-0.6521452002947902,-0.7249229537516585,-0.6921729646960677,0.7000000000000001,-0.27452107528724734,18,1.0552,-0.2322,4.597496829588051,0.005913845047639676,-0.4628291968825184,0.06944549267030518,1.0492861549523602,0.2306291968825184
成长进攻型_24,synthetic_client,半导体优选策略,-0.6586393400996438,-0.7975351387792512,-0.7350320293734278,0.7000000000000001,-0.3045224205613994,19,0.9891,-0.1962,5.912804034378871,0.005913845047639676,-0.4628291968825184,0.06944549267030518,0.9831861549523603,0.2666291968825184
成长进攻型_24,synthetic_client,旅游ETF增强,-0.6378458151716001,-0.6355418289799829,-0.6365786227662107,0.14999999999999997,-0.40060503593634744,20,-0.127,-0.2114,-2.344353438691611,0.005913845047639676,-0.4628291968825184,0.06944549267030518,-0.13291384504763967,0.2514291968825184
集中持仓型_05,synthetic_client,医疗ETF增强,0.615017077086238,0.1031615012954201,0.3334965104012882,0.7000000000000001,0.44344755728090174,1,0.2091,-0.1908,1.9020858347784249,0.005942248850486796,-0.6,0.06323757751788855,0.2031577511495132,0.4092
集中持仓型_05,synthetic_client,食品ETF增强,0.1826280480151134,0.027027451037979284,0.09704771967768965,0.7000000000000001,0.27793340377438275,2,0.0353,-0.1321,0.5463719973242132,0.005942248850486796,-0.6,0.06323757751788855,0.029357751149513202,0.4679
集中持仓型_05,synthetic_client,双创50增强,0.7458259685062636,-0.5822141133728462,0.015403923472753211,0.7000000000000001,0.22078274643092727,3,1.1131,-0.2103,2.867896615430161,0.005942248850486796,-0.6,0.06323757751788855,1.1071577511495132,0.3897
集中持仓型_05,synthetic_client,军工ETF增强,-0.27900278672416523,-0.18509702292613017,-0.22735461663524598,0.7000000000000001,0.05085176835532784,4,0.7849,-0.2151,3.910415057358552,0.005942248850486796,-0.6,0.06323757751788855,0.7789577511495133,0.38489999999999996
集中持仓型_05,synthetic_client,煤炭周期优选动态轮动策略,-0.08727731873988326,-0.3564681280313553,-0.2353322638501929,0.7000000000000001,0.045267415304865,5,0.0537,-0.2129,0.3714099011610187,0.005942248850486796,-0.6,0.06323757751788855,0.0477577511495132,0.3871
集中持仓型_05,synthetic_client,形态识别,-0.20968614645951295,-0.527321114883295,-0.3843853790925931,1.0,0.030930234635184795,6,0.3346,-0.2057,5.96181387741118,0.005942248850486796,-0.6,0.06323757751788855,0.32865775114951323,0.3943
集中持仓型_05,synthetic_client,动量趋势策略,-0.6966482212278937,-0.33821298430616076,-0.4995088409209406,1.0,-0.04965618864465843,7,1.3091,-0.1214,27.88755024876618,0.005942248850486796,-0.6,0.06323757751788855,1.3031577511495132,0.47859999999999997
集中持仓型_05,synthetic_client,半导体优选策略,-0.44724383235233905,-0.4797163712170476,-0.46510372872792877,0.7000000000000001,-0.11557261010955011,8,0.9891,-0.1962,5.912804034378871,0.005942248850486796,-0.6,0.06323757751788855,0.9831577511495132,0.40379999999999994
集中持仓型_05,synthetic_client,计算机ETF优选策略,-0.5196507046371504,-0.46280567393246247,-0.48838593774957206,0.7000000000000001,-0.1318701564247004,9,1.0552,-0.2322,4.597496829588051,0.005942248850486796,-0.6,0.06323757751788855,1.0492577511495131,0.3678
集中持仓型_05,synthetic_client,中证2000增强,-0.0019489277342682116,-0.9216199412155108,-0.5077679851489517,0.7000000000000001,-0.14543758960426617,10,0.6757,-0.1532,7.49276065340675,0.005942248850486796,-0.6,0.06323757751788855,0.6697577511495132,0.4468
集中持仓型_05,synthetic_client,沪深300增强策略,-0.8649354504749278,-0.3110860044532802,-0.5603182551630217,0.7000000000000001,-0.18222277861411512,11,0.593,-0.1756,3.9042532739466216,0.005942248850486796,-0.6,0.06323757751788855,0.5870577511495132,0.4244
集中持仓型_05,synthetic_client,均衡持仓,-0.6471836070815176,-0.608820360236782,-0.6260838213169131,0.7000000000000001,-0.2282586749218391,12,0.4361,-0.0939,3.4354423013943003,0.005942248850486796,-0.6,0.06323757751788855,0.4301577511495132,0.5061
集中持仓型_05,synthetic_client,通信ETF增强,-0.5585457618466112,-0.744729521046026,-0.6609468294062895,0.7000000000000001,-0.25266278058440256,13,2.4045,-0.2064,16.149844475140775,0.005942248850486796,-0.6,0.06323757751788855,2.398557751149513,0.39359999999999995
集中持仓型_05,synthetic_client,科创参数加强板,-0.4293368609689556,-0.9145787870543872,-0.696219920315943,0.7000000000000001,-0.27735394422116005,14,0.9702,-0.2884,5.061098940405834,0.005942248850486796,-0.6,0.06323757751788855,0.9642577511495132,0.3116
集中持仓型_05,synthetic_client,化工ETF优选策略,-0.7731459485459451,-0.6889998002629941,-0.7268655669903221,0.7000000000000001,-0.2988058968932254,15,1.496,-0.1441,13.158559383276927,0.005942248850486796,-0.6,0.06323757751788855,1.4900577511495132,0.45589999999999997
集中持仓型_05,synthetic_client,成长红利量化选股,-0.8494048684114803,-0.7664626842522748,-0.8037866671239173,0.7000000000000001,-0.352650666986742,16,0.2151,-0.0739,1.7040340115393744,0.005942248850486796,-0.6,0.06323757751788855,0.2091577511495132,0.5261
集中持仓型_05,synthetic_client,杠铃,-0.7281169645214318,-0.920326781480381,-0.8338323638488541,0.7000000000000001,-0.37368265469419776,17,0.3119,-0.12,4.2040829150504715,0.005942248850486796,-0.6,0.06323757751788855,0.30595775114951324,0.48
集中持仓型_05,synthetic_client,中证800增强,-0.9113838144450306,-0.7994805686762239,-0.8498370292721869,0.7000000000000001,-0.3848859204905308,18,1.238,-0.1227,6.566927244654411,0.005942248850486796,-0.6,0.06323757751788855,1.2320577511495132,0.47729999999999995
集中持仓型_05,synthetic_client,中证1000增强,-0.9001932969175375,-0.8420573524453445,-0.8682185274578313,0.7000000000000001,-0.3977529692204819,19,1.2996,-0.2344,9.567229380375093,0.005942248850486796,-0.6,0.06323757751788855,1.2936577511495133,0.3656
集中持仓型_05,synthetic_client,旅游ETF增强,-0.885483556164447,-0.8007698985144636,-0.8388910444569562,0.14999999999999997,-0.5422237311198692,20,-0.127,-0.2114,-2.344353438691611,0.005942248850486796,-0.6,0.06323757751788855,-0.1329422488504868,0.38859999999999995
集中持仓型_10,synthetic_client,医疗ETF增强,0.4438243316288779,-0.01704237373716057,0.19034764367755677,0.7000000000000001,0.3432433505742898,1,0.2091,-0.1908,1.9020858347784249,0.007466691297897473,-0.6,0.00959192079982172,0.20163330870210253,0.4092
集中持仓型_10,synthetic_client,食品ETF增强,0.16708884985334843,0.007238494241327755,0.07917115426673706,0.7000000000000001,0.26541980798671594,2,0.0353,-0.1321,0.5463719973242132,0.007466691297897473,-0.6,0.00959192079982172,0.027833308702102523,0.4679
集中持仓型_10,synthetic_client,形态识别,0.034746335647699016,-0.4525937370652553,-0.23329070434442586,1.0,0.1366965069589019,3,0.3346,-0.2057,5.96181387741118,0.007466691297897473,-0.6,0.00959192079982172,0.32713330870210255,0.3943
集中持仓型_10,synthetic_client,双创50增强,0.566242913853579,-0.7229944241340918,-0.1428376220396399,0.7000000000000001,0.11001366457225209,4,1.1131,-0.2103,2.867896615430161,0.007466691297897473,-0.6,0.00959192079982172,1.1056333087021024,0.3897
集中持仓型_10,synthetic_client,军工ETF增强,-0.21269455098401172,-0.2675553137340531,-0.24286797049653452,0.7000000000000001,0.039992420652425864,5,0.7849,-0.2151,3.910415057358552,0.007466691297897473,-0.6,0.00959192079982172,0.7774333087021026,0.38489999999999996
集中持仓型_10,synthetic_client,煤炭周期优选动态轮动策略,-0.20834897127786509,-0.3786130215423242,-0.3019941989233176,0.7000000000000001,-0.0013959392463222808,6,0.0537,-0.2129,0.3714099011610187,0.007466691297897473,-0.6,0.00959192079982172,0.04623330870210252,0.3871
集中持仓型_10,synthetic_client,动量趋势策略,-0.7488027653977958,-0.29740906795781535,-0.5005362318058065,1.0,-0.05037536226406458,7,1.3091,-0.1214,27.88755024876618,0.007466691297897473,-0.6,0.00959192079982172,1.3016333087021024,0.47859999999999997
集中持仓型_10,synthetic_client,均衡持仓,-0.3639116470670593,-0.5705825532235022,-0.4775806454531029,0.7000000000000001,-0.12430645181717198,8,0.4361,-0.0939,3.4354423013943003,0.007466691297897473,-0.6,0.00959192079982172,0.42863330870210253,0.5061
集中持仓型_10,synthetic_client,中证2000增强,-0.08440774934346382,-0.8522909957487492,-0.5067435348663708,0.7000000000000001,-0.14472047440645952,9,0.6757,-0.1532,7.49276065340675,0.007466691297897473,-0.6,0.00959192079982172,0.6682333087021025,0.4468
集中持仓型_10,synthetic_client,科创参数加强板,-0.0698624296607244,-0.9144637575174349,-0.5343931599819152,0.7000000000000001,-0.1640752119873406,10,0.9702,-0.2884,5.061098940405834,0.007466691297897473,-0.6,0.00959192079982172,0.9627333087021025,0.3116
集中持仓型_10,synthetic_client,半导体优选策略,-0.6681582088635218,-0.5471243680275256,-0.6015895964037239,0.7000000000000001,-0.21111271748260668,11,0.9891,-0.1962,5.912804034378871,0.007466691297897473,-0.6,0.00959192079982172,0.9816333087021025,0.40379999999999994
集中持仓型_10,synthetic_client,计算机ETF优选策略,-0.762156354516512,-0.5590774749616138,-0.650462970761318,0.7000000000000001,-0.2453240795329225,12,1.0552,-0.2322,4.597496829588051,0.007466691297897473,-0.6,0.00959192079982172,1.0477333087021024,0.3678
集中持仓型_10,synthetic_client,杠铃,-0.3451201592098089,-0.9174793702114202,-0.6599177252606951,0.7000000000000001,-0.25194240768248655,13,0.3119,-0.12,4.2040829150504715,0.007466691297897473,-0.6,0.00959192079982172,0.30443330870210256,0.48
集中持仓型_10,synthetic_client,沪深300增强策略,-0.9707222783004934,-0.480083553235358,-0.700870979514669,0.7000000000000001,-0.2806096856602683,14,0.593,-0.1756,3.9042532739466216,0.007466691297897473,-0.6,0.00959192079982172,0.5855333087021025,0.4244
集中持仓型_10,synthetic_client,通信ETF增强,-0.6613898523578893,-0.7702303957029921,-0.7212521511976959,0.7000000000000001,-0.29487650583838715,15,2.4045,-0.2064,16.149844475140775,0.007466691297897473,-0.6,0.00959192079982172,2.3970333087021025,0.39359999999999995
集中持仓型_10,synthetic_client,化工ETF优选策略,-0.7566385721605411,-0.6998366742508316,-0.725397528310201,0.7000000000000001,-0.2977782698171407,16,1.496,-0.1441,13.158559383276927,0.007466691297897473,-0.6,0.00959192079982172,1.4885333087021024,0.45589999999999997
集中持仓型_10,synthetic_client,中证800增强,-0.771775180852926,-0.7653444217461939,-0.7682382633442233,0.7000000000000001,-0.32776678434095624,17,1.238,-0.1227,6.566927244654411,0.007466691297897473,-0.6,0.00959192079982172,1.2305333087021024,0.47729999999999995
集中持仓型_10,synthetic_client,成长红利量化选股,-0.7317588582804008,-0.8523908178982192,-0.798106436070201,0.7000000000000001,-0.3486745052491406,18,0.2151,-0.0739,1.7040340115393744,0.007466691297897473,-0.6,0.00959192079982172,0.20763330870210253,0.5261
集中持仓型_10,synthetic_client,中证1000增强,-0.7792970088400383,-0.8947290394969314,-0.8427846257013295,0.7000000000000001,-0.37994923799093056,19,1.2996,-0.2344,9.567229380375093,0.007466691297897473,-0.6,0.00959192079982172,1.2921333087021025,0.3656
集中持仓型_10,synthetic_client,旅游ETF增强,-0.7086464663362668,-0.827201613365403,-0.7738517972022918,0.14999999999999997,-0.4966962580416043,20,-0.127,-0.2114,-2.344353438691611,0.007466691297897473,-0.6,0.00959192079982172,-0.13446669129789748,0.38859999999999995
集中持仓型_15,synthetic_client,食品ETF增强,0.17000945497546144,0.2892279810763252,0.23557964433093653,1.0,0.46490575103165555,1,0.0353,-0.1321,0.5463719973242132,0.00767348060914784,-0.6,0.08547702310006651,0.02762651939085216,0.4679
集中持仓型_15,synthetic_client,医疗ETF增强,0.526233020053724,-0.067680006187645,0.19958085562097103,0.7000000000000001,0.3497065989346797,2,0.2091,-0.1908,1.9020858347784249,0.00767348060914784,-0.6,0.08547702310006651,0.20142651939085215,0.4092
集中持仓型_15,synthetic_client,煤炭周期优选动态轮动策略,-0.0590435753936149,-0.11882921575953183,-0.09192567759486922,0.7000000000000001,0.14565202568359156,3,0.0537,-0.2129,0.3714099011610187,0.00767348060914784,-0.6,0.08547702310006651,0.04602651939085216,0.3871
集中持仓型_15,synthetic_client,双创50增强,0.6731575800135106,-0.803996821349496,-0.13927734073614306,0.7000000000000001,0.11250586148469988,4,1.1131,-0.2103,2.867896615430161,0.00767348060914784,-0.6,0.08547702310006651,1.1054265193908521,0.3897
集中持仓型_15,synthetic_client,军工ETF增强,-0.31544805267737097,-0.0965988002506485,-0.19508096384267365,0.7000000000000001,0.07344332531012848,5,0.7849,-0.2151,3.910415057358552,0.00767348060914784,-0.6,0.08547702310006651,0.7772265193908522,0.38489999999999996
集中持仓型_15,synthetic_client,形态识别,-0.22399285591903265,-0.4634063800632434,-0.3556702941983486,1.0,0.05103079406115599,6,0.3346,-0.2057,5.96181387741118,0.00767348060914784,-0.6,0.08547702310006651,0.32692651939085215,0.3943
集中持仓型_15,synthetic_client,动量趋势策略,-0.7077666202232347,-0.18928277456411746,-0.4226005051107202,1.0,0.004179646422495853,7,1.3091,-0.1214,27.88755024876618,0.00767348060914784,-0.6,0.08547702310006651,1.301426519390852,0.47859999999999997
集中持仓型_15,synthetic_client,半导体优选策略,-0.44542556905788366,-0.26021085404396566,-0.3435574758002288,0.7000000000000001,-0.030490233060160105,8,0.9891,-0.1962,5.912804034378871,0.00767348060914784,-0.6,0.08547702310006651,0.9814265193908521,0.40379999999999994
集中持仓型_15,synthetic_client,计算机ETF优选策略,-0.49896662584217355,-0.3043017547362402,-0.39190094673391024,0.7000000000000001,-0.06433066271373711,9,1.0552,-0.2322,4.597496829588051,0.00767348060914784,-0.6,0.08547702310006651,1.047526519390852,0.3678
集中持仓型_15,synthetic_client,通信ETF增强,-0.5384697119508101,-0.5414475964173769,-0.5401075484074218,0.7000000000000001,-0.16807528388519521,10,2.4045,-0.2064,16.149844475140775,0.00767348060914784,-0.6,0.08547702310006651,2.3968265193908525,0.39359999999999995
集中持仓型_15,synthetic_client,中证2000增强,-0.16512936419446841,-0.8610562275513632,-0.5478891390407606,0.7000000000000001,-0.17352239732853242,11,0.6757,-0.1532,7.49276065340675,0.00767348060914784,-0.6,0.08547702310006651,0.6680265193908521,0.4468
集中持仓型_15,synthetic_client,均衡持仓,-0.639616990889573,-0.534039502236535,-0.5815493721304021,0.7000000000000001,-0.19708456049128148,12,0.4361,-0.0939,3.4354423013943003,0.00767348060914784,-0.6,0.08547702310006651,0.42842651939085213,0.5061
集中持仓型_15,synthetic_client,化工ETF优选策略,-0.8538143953622328,-0.46295355709657277,-0.6388409343161199,0.7000000000000001,-0.23718865402128386,13,1.496,-0.1441,13.158559383276927,0.00767348060914784,-0.6,0.08547702310006651,1.4883265193908521,0.45589999999999997
集中持仓型_15,synthetic_client,科创参数加强板,-0.512115954963846,-0.8648854682670435,-0.7061391872806047,0.7000000000000001,-0.2842974310964232,14,0.9702,-0.2884,5.061098940405834,0.00767348060914784,-0.6,0.08547702310006651,0.9625265193908521,0.3116
集中持仓型_15,synthetic_client,杠铃,-0.6493854706360108,-0.7527176891163063,-0.7062181908001735,0.7000000000000001,-0.28435273356012136,15,0.3119,-0.12,4.2040829150504715,0.00767348060914784,-0.6,0.08547702310006651,0.30422651939085216,0.48
集中持仓型_15,synthetic_client,沪深300增强策略,-0.9155705825620855,-0.5382093385634935,-0.7080218983628599,0.7000000000000001,-0.28561532885400187,16,0.593,-0.1756,3.9042532739466216,0.00767348060914784,-0.6,0.08547702310006651,0.5853265193908521,0.4244
集中持仓型_15,synthetic_client,中证800增强,-0.9168485258732915,-0.6725020834331483,-0.7824579825312128,0.7000000000000001,-0.33772058777184893,17,1.238,-0.1227,6.566927244654411,0.00767348060914784,-0.6,0.08547702310006651,1.2303265193908521,0.47729999999999995
集中持仓型_15,synthetic_client,成长红利量化选股,-0.8479046098143298,-0.8973126517383297,-0.8750790328725297,0.7000000000000001,-0.40255532301077074,18,0.2151,-0.0739,1.7040340115393744,0.00767348060914784,-0.6,0.08547702310006651,0.20742651939085216,0.5261
集中持仓型_15,synthetic_client,中证1000增强,-0.9153680908614776,-0.88064366838234,-0.8962696584979519,0.7000000000000001,-0.4173887609485663,19,1.2996,-0.2344,9.567229380375093,0.00767348060914784,-0.6,0.08547702310006651,1.2919265193908522,0.3656
集中持仓型_15,synthetic_client,旅游ETF增强,-0.9252798418135632,-0.7324856972571662,-0.8192430623075448,0.14999999999999997,-0.5284701436152813,20,-0.127,-0.2114,-2.344353438691611,0.00767348060914784,-0.6,0.08547702310006651,-0.13467348060914786,0.38859999999999995
集中持仓型_20,synthetic_client,医疗ETF增强,0.2358588756087398,0.22432424411591456,0.22951482828768593,0.7000000000000001,0.37066037980138017,1,0.2091,-0.1908,1.9020858347784249,0.006822182707446292,-0.6,0.1333516264812904,0.20227781729255373,0.4092
集中持仓型_20,synthetic_client,食品ETF增强,0.366263738885355,-0.11990627996873007,0.09887022851560821,0.7000000000000001,0.27920915996092577,2,0.0353,-0.1321,0.5463719973242132,0.006822182707446292,-0.6,0.1333516264812904,0.028477817292553706,0.4679
集中持仓型_20,synthetic_client,双创50增强,0.6891393919610301,-0.46566924427210893,0.05399464203280363,0.7000000000000001,0.24779624942296255,3,1.1131,-0.2103,2.867896615430161,0.006822182707446292,-0.6,0.1333516264812904,1.1062778172925536,0.3897
集中持仓型_20,synthetic_client,煤炭周期优选动态轮动策略,0.2246975835051246,-0.46893942419715096,-0.15680277073112697,0.7000000000000001,0.10023806048821114,4,0.0537,-0.2129,0.3714099011610187,0.006822182707446292,-0.6,0.1333516264812904,0.046877817292553706,0.3871
集中持仓型_20,synthetic_client,军工ETF增强,-0.12157605953081599,-0.2718427372696677,-0.20422273228718443,0.7000000000000001,0.06704408739897091,5,0.7849,-0.2151,3.910415057358552,0.006822182707446292,-0.6,0.1333516264812904,0.7780778172925538,0.38489999999999996
集中持仓型_20,synthetic_client,半导体优选策略,-0.18995558624188003,-0.43958546076584615,-0.3272520172300614,0.7000000000000001,-0.019076412061042963,6,0.9891,-0.1962,5.912804034378871,0.006822182707446292,-0.6,0.1333516264812904,0.9822778172925537,0.40379999999999994
集中持仓型_20,synthetic_client,动量趋势策略,-0.7801681543662883,-0.21931357653322883,-0.47169813655810555,1.0,-0.030188695590673886,7,1.3091,-0.1214,27.88755024876618,0.006822182707446292,-0.6,0.1333516264812904,1.3022778172925535,0.47859999999999997
集中持仓型_20,synthetic_client,计算机ETF优选策略,-0.2445986189666709,-0.4257117304171187,-0.34421083026441723,0.7000000000000001,-0.030947581185092027,8,1.0552,-0.2322,4.597496829588051,0.006822182707446292,-0.6,0.1333516264812904,1.0483778172925535,0.3678
集中持仓型_20,synthetic_client,沪深300增强策略,-0.8314966518197016,-0.1397236105474496,-0.45102147911996304,0.7000000000000001,-0.10571503538397409,9,0.593,-0.1756,3.9042532739466216,0.006822182707446292,-0.6,0.1333516264812904,0.5861778172925537,0.4244
集中持仓型_20,synthetic_client,形态识别,-0.46018533786460075,-0.46233700907630265,-0.4613687570310368,0.7000000000000001,-0.11295812992172571,10,0.3346,-0.2057,5.96181387741118,0.006822182707446292,-0.6,0.1333516264812904,0.32777781729255373,0.3943
集中持仓型_20,synthetic_client,均衡持仓,-0.48554930086207865,-0.6801823608314775,-0.5925974838452481,0.7000000000000001,-0.20481823869167365,11,0.4361,-0.0939,3.4354423013943003,0.006822182707446292,-0.6,0.1333516264812904,0.4292778172925537,0.5061
集中持仓型_20,synthetic_client,成长红利量化选股,-0.6565004543233011,-0.678449215476101,-0.6685722729573411,0.7000000000000001,-0.25800059107013873,12,0.2151,-0.0739,1.7040340115393744,0.006822182707446292,-0.6,0.1333516264812904,0.20827781729255374,0.5261
集中持仓型_20,synthetic_client,通信ETF增强,-0.6013776934037779,-0.7677106422236917,-0.6928608152547305,0.7000000000000001,-0.2750025706783113,13,2.4045,-0.2064,16.149844475140775,0.006822182707446292,-0.6,0.1333516264812904,2.397677817292554,0.39359999999999995
集中持仓型_20,synthetic_client,中证2000增强,-0.48451054600155885,-0.9642185179300562,-0.7483499305622325,0.7000000000000001,-0.3138449513935628,14,0.6757,-0.1532,7.49276065340675,0.006822182707446292,-0.6,0.1333516264812904,0.6688778172925537,0.4468
集中持仓型_20,synthetic_client,科创参数加强板,-0.605262438290478,-0.8842464257512381,-0.7587036313938962,0.7000000000000001,-0.3210925419757273,15,0.9702,-0.2884,5.061098940405834,0.006822182707446292,-0.6,0.1333516264812904,0.9633778172925537,0.3116
集中持仓型_20,synthetic_client,杠铃,-0.5907463380336888,-0.9094682019006531,-0.7660433631605192,0.7000000000000001,-0.3262303542123634,16,0.3119,-0.12,4.2040829150504715,0.006822182707446292,-0.6,0.1333516264812904,0.30507781729255373,0.48
集中持仓型_20,synthetic_client,化工ETF优选策略,-0.9603368017270733,-0.7143885884746387,-0.8250652844382342,0.7000000000000001,-0.3675456991067639,17,1.496,-0.1441,13.158559383276927,0.006822182707446292,-0.6,0.1333516264812904,1.4891778172925536,0.45589999999999997
集中持仓型_20,synthetic_client,中证1000增强,-0.945872015286628,-0.7770411526031177,-0.8530150408106973,0.7000000000000001,-0.3871105285674881,18,1.2996,-0.2344,9.567229380375093,0.006822182707446292,-0.6,0.1333516264812904,1.2927778172925537,0.3656
集中持仓型_20,synthetic_client,中证800增强,-0.9354797630234984,-0.7955540329813134,-0.8585206115002968,0.7000000000000001,-0.39096442805020765,19,1.238,-0.1227,6.566927244654411,0.006822182707446292,-0.6,0.1333516264812904,1.2311778172925536,0.47729999999999995
集中持仓型_20,synthetic_client,旅游ETF增强,-0.9716940633460688,-0.8428435539099307,-0.9008262831561928,-0.15000000000000005,-0.675578398209335,20,-0.127,-0.2114,-2.344353438691611,0.006822182707446292,-0.6,0.1333516264812904,-0.13382218270744628,0.38859999999999995
集中持仓型_25,synthetic_client,医疗ETF增强,0.629589848585021,0.013817601899351233,0.2909151129079027,0.7000000000000001,0.41364057903553186,1,0.2091,-0.1908,1.9020858347784249,0.007465971555612837,-0.6,0.07427296996095292,0.20163402844438716,0.4092
集中持仓型_25,synthetic_client,形态识别,0.42498967974161717,-0.4363162819140445,-0.048728599168996745,1.0,0.26588998058170227,2,0.3346,-0.2057,5.96181387741118,0.007465971555612837,-0.6,0.07427296996095292,0.32713402844438716,0.3943
集中持仓型_25,synthetic_client,双创50增强,0.22358957762560558,-0.36419807256240144,-0.09969362997779829,0.7000000000000001,0.14021445901554122,3,1.1131,-0.2103,2.867896615430161,0.007465971555612837,-0.6,0.07427296996095292,1.105634028444387,0.3897
集中持仓型_25,synthetic_client,动量趋势策略,-0.4170716229298605,-0.17875309699344322,-0.285996433664831,1.0,0.09980249643461828,4,1.3091,-0.1214,27.88755024876618,0.007465971555612837,-0.6,0.07427296996095292,1.301634028444387,0.47859999999999997
集中持仓型_25,synthetic_client,沪深300增强策略,-0.9037681025028281,0.19027407696008047,-0.3020449037982284,0.7000000000000001,-0.0014314326587598625,5,0.593,-0.1756,3.9042532739466216,0.007465971555612837,-0.6,0.07427296996095292,0.5855340284443872,0.4244
集中持仓型_25,synthetic_client,中证2000增强,0.2029905548165311,-0.7172719608016707,-0.30315382877347985,0.7000000000000001,-0.0022076801414358527,6,0.6757,-0.1532,7.49276065340675,0.007465971555612837,-0.6,0.07427296996095292,0.6682340284443872,0.4468
集中持仓型_25,synthetic_client,食品ETF增强,-0.23783593438765183,-0.3620168084632674,-0.30613541512924036,0.7000000000000001,-0.004294790590468223,7,0.0353,-0.1321,0.5463719973242132,0.007465971555612837,-0.6,0.07427296996095292,0.027834028444387163,0.4679
集中持仓型_25,synthetic_client,科创参数加强板,0.012724722634872804,-0.6623428868983949,-0.3585624626084245,0.7000000000000001,-0.04099372382589711,8,0.9702,-0.2884,5.061098940405834,0.007465971555612837,-0.6,0.07427296996095292,0.9627340284443872,0.3116
集中持仓型_25,synthetic_client,中证1000增强,-0.49612344633371125,-0.4752274717925417,-0.48463066033606805,0.7000000000000001,-0.12924146223524757,9,1.2996,-0.2344,9.567229380375093,0.007465971555612837,-0.6,0.07427296996095292,1.2921340284443872,0.3656
集中持仓型_25,synthetic_client,杠铃,-0.16474547598640496,-0.7971361380924918,-0.5125603401447527,0.7000000000000001,-0.14879223810132686,10,0.3119,-0.12,4.2040829150504715,0.007465971555612837,-0.6,0.07427296996095292,0.30443402844438716,0.48
集中持仓型_25,synthetic_client,军工ETF增强,-0.5250328585818426,-0.5674202647325755,-0.5483459319647457,0.7000000000000001,-0.1738421523753219,11,0.7849,-0.2151,3.910415057358552,0.007465971555612837,-0.6,0.07427296996095292,0.7774340284443872,0.38489999999999996
集中持仓型_25,synthetic_client,均衡持仓,-0.46594866890781506,-0.6722115094763148,-0.5793932312204899,0.7000000000000001,-0.19557526185434287,12,0.4361,-0.0939,3.4354423013943003,0.007465971555612837,-0.6,0.07427296996095292,0.42863402844438714,0.5061
集中持仓型_25,synthetic_client,通信ETF增强,-0.3273988348974487,-0.8249993545738975,-0.6010791207194957,0.7000000000000001,-0.2107553845036469,13,2.4045,-0.2064,16.149844475140775,0.007465971555612837,-0.6,0.07427296996095292,2.3970340284443874,0.39359999999999995
集中持仓型_25,synthetic_client,煤炭周期优选动态轮动策略,-0.5879779005977416,-0.6290484585227052,-0.6105667074564716,0.7000000000000001,-0.21739669521953003,14,0.0537,-0.2129,0.3714099011610187,0.007465971555612837,-0.6,0.07427296996095292,0.04623402844438716,0.3871
集中持仓型_25,synthetic_client,成长红利量化选股,-0.8099879539593011,-0.4653607079483242,-0.6204429686532638,0.7000000000000001,-0.2243100780572846,15,0.2151,-0.0739,1.7040340115393744,0.007465971555612837,-0.6,0.07427296996095292,0.20763402844438716,0.5261
集中持仓型_25,synthetic_client,化工ETF优选策略,-0.4714486827740274,-0.8444892334697474,-0.6766209856566734,0.7000000000000001,-0.2636346899596713,16,1.496,-0.1441,13.158559383276927,0.007465971555612837,-0.6,0.07427296996095292,1.488534028444387,0.45589999999999997
集中持仓型_25,synthetic_client,中证800增强,-0.49295521695779115,-0.8388990965783217,-0.683224350749083,0.7000000000000001,-0.2682570455243581,17,1.238,-0.1227,6.566927244654411,0.007465971555612837,-0.6,0.07427296996095292,1.230534028444387,0.47729999999999995
集中持仓型_25,synthetic_client,计算机ETF优选策略,-0.9451704947060189,-0.6470305544095255,-0.7811935275429476,0.7000000000000001,-0.3368354692800632,18,1.0552,-0.2322,4.597496829588051,0.007465971555612837,-0.6,0.07427296996095292,1.047734028444387,0.3678
集中持仓型_25,synthetic_client,半导体优选策略,-0.9109217445152679,-0.677715647498034,-0.7826583911557894,0.7000000000000001,-0.33786087380905255,19,0.9891,-0.1962,5.912804034378871,0.007465971555612837,-0.6,0.07427296996095292,0.9816340284443872,0.40379999999999994
集中持仓型_25,synthetic_client,旅游ETF增强,-0.45493919968945173,-0.8504793088330072,-0.6724862597184073,0.14999999999999997,-0.42574038180288504,20,-0.127,-0.2114,-2.344353438691611,0.007465971555612837,-0.6,0.07427296996095292,-0.13446597155561285,0.38859999999999995
高频交易型_03,synthetic_client,形态识别,0.8760105503514972,-0.4628179375432017,0.13965488200941278,1.0,0.3977584174065889,1,0.3346,-0.2057,5.96181387741118,0.005475254299096902,-0.6,0.03995635142631543,0.3291247457009031,0.3943
高频交易型_03,synthetic_client,医疗ETF增强,0.5676369244935484,-0.11209816209641368,0.19378262686906925,0.7000000000000001,0.3456478388083485,2,0.2091,-0.1908,1.9020858347784249,0.005475254299096902,-0.6,0.03995635142631543,0.2036247457009031,0.4092
高频交易型_03,synthetic_client,动量趋势策略,0.17455850298726378,-0.28949803623550063,-0.08067259358525666,1.0,0.24352918449032032,3,1.3091,-0.1214,27.88755024876618,0.005475254299096902,-0.6,0.03995635142631543,1.303624745700903,0.47859999999999997
高频交易型_03,synthetic_client,中证2000增强,0.6644096295591714,-0.6178057601799535,-0.040808834797347315,0.7000000000000001,0.1814338156418569,4,0.6757,-0.1532,7.49276065340675,0.005475254299096902,-0.6,0.03995635142631543,0.6702247457009031,0.4468
高频交易型_03,synthetic_client,科创参数加强板,0.4949330728543364,-0.8021943764421195,-0.21848702425871439,0.7000000000000001,0.05705908301889995,5,0.9702,-0.2884,5.061098940405834,0.005475254299096902,-0.6,0.03995635142631543,0.964724745700903,0.3116
高频交易型_03,synthetic_client,食品ETF增强,-0.5961068745752313,-0.14334536662742328,-0.3470880452039369,1.0,0.057038368357244185,6,0.0353,-0.1321,0.5463719973242132,0.005475254299096902,-0.6,0.03995635142631543,0.029824745700903096,0.4679
高频交易型_03,synthetic_client,化工ETF优选策略,0.25600580199323314,-0.7210210752551187,-0.2813589804933604,0.7000000000000001,0.01304871365464777,7,1.496,-0.1441,13.158559383276927,0.005475254299096902,-0.6,0.03995635142631543,1.490524745700903,0.45589999999999997
高频交易型_03,synthetic_client,杠铃,0.2693346157357068,-0.8125413758180781,-0.3256971796188749,0.7000000000000001,-0.0179880257332124,8,0.3119,-0.12,4.2040829150504715,0.005475254299096902,-0.6,0.03995635142631543,0.3064247457009031,0.48
高频交易型_03,synthetic_client,中证1000增强,0.20379698070483293,-0.7784473036673154,-0.33643737569984866,0.7000000000000001,-0.025506162989894027,9,1.2996,-0.2344,9.567229380375093,0.005475254299096902,-0.6,0.03995635142631543,1.294124745700903,0.3656
高频交易型_03,synthetic_client,中证800增强,0.19681870989325004,-0.7807831200154568,-0.34086229655653877,0.7000000000000001,-0.028603607589577112,10,1.238,-0.1227,6.566927244654411,0.005475254299096902,-0.6,0.03995635142631543,1.232524745700903,0.47729999999999995
高频交易型_03,synthetic_client,通信ETF增强,0.13427207536665908,-0.7456829093755067,-0.34970316624153214,0.7000000000000001,-0.034792216369072454,11,2.4045,-0.2064,16.149844475140775,0.005475254299096902,-0.6,0.03995635142631543,2.399024745700903,0.39359999999999995
高频交易型_03,synthetic_client,沪深300增强策略,-0.35784149550715677,-0.43716333153517,-0.40146850532256406,0.7000000000000001,-0.07102795372579479,12,0.593,-0.1756,3.9042532739466216,0.005475254299096902,-0.6,0.03995635142631543,0.5875247457009031,0.4244
高频交易型_03,synthetic_client,均衡持仓,-0.1708014570615363,-0.6141349865442022,-0.41463489827700256,0.7000000000000001,-0.08024442879390176,13,0.4361,-0.0939,3.4354423013943003,0.005475254299096902,-0.6,0.03995635142631543,0.4306247457009031,0.5061
高频交易型_03,synthetic_client,军工ETF增强,-0.5305891687328776,-0.4301442003199443,-0.4753444361057644,0.7000000000000001,-0.12274110527403503,14,0.7849,-0.2151,3.910415057358552,0.005475254299096902,-0.6,0.03995635142631543,0.7794247457009031,0.38489999999999996
高频交易型_03,synthetic_client,双创50增强,-0.3043886265536154,-0.7085251682183961,-0.5266637244692448,0.7000000000000001,-0.1586646071284713,15,1.1131,-0.2103,2.867896615430161,0.005475254299096902,-0.6,0.03995635142631543,1.107624745700903,0.3897
高频交易型_03,synthetic_client,旅游ETF增强,0.2690641706563986,-0.7887161743667324,-0.31271501910632343,0.14999999999999997,-0.1739005133744264,16,-0.127,-0.2114,-2.344353438691611,0.005475254299096902,-0.6,0.03995635142631543,-0.1324752542990969,0.38859999999999995
高频交易型_03,synthetic_client,成长红利量化选股,-0.41840201214006106,-0.8124741671925587,-0.6351416974189348,0.7000000000000001,-0.23459918819325432,17,0.2151,-0.0739,1.7040340115393744,0.005475254299096902,-0.6,0.03995635142631543,0.20962474570090311,0.5261
高频交易型_03,synthetic_client,煤炭周期优选动态轮动策略,-0.882023596985759,-0.451504544933331,-0.6452381183569236,0.7000000000000001,-0.24166668284984644,18,0.0537,-0.2129,0.3714099011610187,0.005475254299096902,-0.6,0.03995635142631543,0.0482247457009031,0.3871
高频交易型_03,synthetic_client,半导体优选策略,-0.902911697127882,-0.631934641794082,-0.7538743166942921,0.7000000000000001,-0.3177120216860044,19,0.9891,-0.1962,5.912804034378871,0.005475254299096902,-0.6,0.03995635142631543,0.9836247457009031,0.40379999999999994
高频交易型_03,synthetic_client,计算机ETF优选策略,-0.8946687422943954,-0.648091782332412,-0.7590514143153047,0.7000000000000001,-0.32133599002071317,20,1.0552,-0.2322,4.597496829588051,0.005475254299096902,-0.6,0.03995635142631543,1.049724745700903,0.3678
高频交易型_08,synthetic_client,医疗ETF增强,0.4503635449150845,0.542290366524258,0.5009232968001299,0.7000000000000001,0.560646307760091,1,0.2091,-0.1908,1.9020858347784249,0.003758448658277366,-0.539730180332467,0.05995179704896881,0.20534155134172263,0.34893018033246703
高频交易型_08,synthetic_client,形态识别,0.8573827214037238,-0.25932674121783833,0.24319251696186467,1.0,0.47023476187330526,2,0.3346,-0.2057,5.96181387741118,0.003758448658277366,-0.539730180332467,0.05995179704896881,0.33084155134172266,0.334030180332467
高频交易型_08,synthetic_client,中证2000增强,0.46369545821225877,-0.2814709808005473,0.05385391675521542,0.7000000000000001,0.2476977417286508,3,0.6757,-0.1532,7.49276065340675,0.003758448658277366,-0.539730180332467,0.05995179704896881,0.6719415513417226,0.386530180332467
高频交易型_08,synthetic_client,动量趋势策略,0.06139232782721796,-0.21011746376947066,-0.08793805755096079,1.0,0.23844335971432745,4,1.3091,-0.1214,27.88755024876618,0.003758448658277366,-0.539730180332467,0.05995179704896881,1.3053415513417226,0.418330180332467
高频交易型_08,synthetic_client,科创参数加强板,0.492086860484354,-0.5609498420688923,-0.08708332591993148,0.7000000000000001,0.149041671856048,5,0.9702,-0.2884,5.061098940405834,0.003758448658277366,-0.539730180332467,0.05995179704896881,0.9664415513417226,0.251330180332467
高频交易型_08,synthetic_client,杠铃,0.3712868108675073,-0.5430593605879059,-0.13160358343297,0.7000000000000001,0.11787749159692103,6,0.3119,-0.12,4.2040829150504715,0.003758448658277366,-0.539730180332467,0.05995179704896881,0.30814155134172266,0.419730180332467
高频交易型_08,synthetic_client,双创50增强,-0.318003389812291,-0.04568805368464648,-0.1682299549420865,0.7000000000000001,0.09223903154053947,7,1.1131,-0.2103,2.867896615430161,0.003758448658277366,-0.539730180332467,0.05995179704896881,1.1093415513417226,0.329430180332467
高频交易型_08,synthetic_client,中证800增强,0.13867913610631066,-0.46175917279524314,-0.19156193378954392,0.7000000000000001,0.07590664634731928,8,1.238,-0.1227,6.566927244654411,0.003758448658277366,-0.539730180332467,0.05995179704896881,1.2342415513417226,0.41703018033246697
高频交易型_08,synthetic_client,化工ETF优选策略,0.1096412010064837,-0.46206628053267995,-0.20479791384005633,0.7000000000000001,0.06664146031196061,9,1.496,-0.1441,13.158559383276927,0.003758448658277366,-0.539730180332467,0.05995179704896881,1.4922415513417226,0.395630180332467
高频交易型_08,synthetic_client,通信ETF增强,0.03887041772390978,-0.4583694235432137,-0.23461149497300815,0.7000000000000001,0.04577195351889432,10,2.4045,-0.2064,16.149844475140775,0.003758448658277366,-0.539730180332467,0.05995179704896881,2.4007415513417225,0.333330180332467
高频交易型_08,synthetic_client,中证1000增强,0.13257169759088303,-0.549694201417445,-0.24267454686369738,0.7000000000000001,0.04012781719541186,11,1.2996,-0.2344,9.567229380375093,0.003758448658277366,-0.539730180332467,0.05995179704896881,1.2958415513417227,0.305330180332467
高频交易型_08,synthetic_client,军工ETF增强,-0.5048118827431629,-0.178119955054215,-0.32513132251424154,0.7000000000000001,-0.01759192575996904,12,0.7849,-0.2151,3.910415057358552,0.003758448658277366,-0.539730180332467,0.05995179704896881,0.7811415513417227,0.324630180332467
高频交易型_08,synthetic_client,旅游ETF增强,0.19906518680516974,-0.37537976431877995,-0.11687953631300259,0.14999999999999997,-0.03681567541910182,13,-0.127,-0.2114,-2.344353438691611,0.003758448658277366,-0.539730180332467,0.05995179704896881,-0.13075844865827738,0.32833018033246697
高频交易型_08,synthetic_client,食品ETF增强,-0.5349992304197299,-0.44550091184903323,-0.48577515520584674,1.0,-0.0400426086440927,14,0.0353,-0.1321,0.5463719973242132,0.003758448658277366,-0.539730180332467,0.05995179704896881,0.03154155134172263,0.407630180332467
高频交易型_08,synthetic_client,均衡持仓,-0.10314049321974338,-0.5740466507722908,-0.36213887987364446,0.7000000000000001,-0.04349721591155109,15,0.4361,-0.0939,3.4354423013943003,0.003758448658277366,-0.539730180332467,0.05995179704896881,0.43234155134172264,0.445830180332467
高频交易型_08,synthetic_client,沪深300增强策略,-0.4828465178572007,-0.2720419572003389,-0.3669040094959267,0.7000000000000001,-0.04683280664714867,16,0.593,-0.1756,3.9042532739466216,0.003758448658277366,-0.539730180332467,0.05995179704896881,0.5892415513417226,0.364130180332467
高频交易型_08,synthetic_client,成长红利量化选股,-0.4154906546111359,-0.3903290932681524,-0.401651795872495,0.7000000000000001,-0.07115625711074647,17,0.2151,-0.0739,1.7040340115393744,0.003758448658277366,-0.539730180332467,0.05995179704896881,0.21134155134172264,0.46583018033246704
高频交易型_08,synthetic_client,计算机ETF优选策略,-0.9415973896426891,-0.25050927568045106,-0.5614989269634583,0.7000000000000001,-0.18304924887442076,18,1.0552,-0.2322,4.597496829588051,0.003758448658277366,-0.539730180332467,0.05995179704896881,1.0514415513417226,0.30753018033246704
高频交易型_08,synthetic_client,半导体优选策略,-0.9455582849061194,-0.30290106450850823,-0.5920968136874333,0.7000000000000001,-0.20446776958120327,19,0.9891,-0.1962,5.912804034378871,0.003758448658277366,-0.539730180332467,0.05995179704896881,0.9853415513417226,0.34353018033246696
高频交易型_08,synthetic_client,煤炭周期优选动态轮动策略,-0.8351689571139459,-0.5126014875608641,-0.6577568488597509,0.7000000000000001,-0.2504297942018256,20,0.0537,-0.2129,0.3714099011610187,0.003758448658277366,-0.539730180332467,0.05995179704896881,0.04994155134172263,0.326830180332467
高频交易型_13,synthetic_client,医疗ETF增强,0.47821014108192,0.2960542524051305,0.3780244023096858,0.7000000000000001,0.47461708161678007,1,0.2091,-0.1908,1.9020858347784249,0.0026337671901774094,-0.6,0.01295347862938645,0.2064662328098226,0.4092
高频交易型_13,synthetic_client,形态识别,0.6948981038406461,-0.33231725086762115,0.12992965875109913,1.0,0.3909507611257694,2,0.3346,-0.2057,5.96181387741118,0.0026337671901774094,-0.6,0.01295347862938645,0.3319662328098226,0.3943
高频交易型_13,synthetic_client,中证2000增强,0.40527632981228534,-0.15406573288234368,0.09763819533023937,0.7000000000000001,0.2783467367311676,3,0.6757,-0.1532,7.49276065340675,0.0026337671901774094,-0.6,0.01295347862938645,0.6730662328098226,0.4468
高频交易型_13,synthetic_client,科创参数加强板,0.4757876833298638,-0.48527966959654545,-0.05279936077966127,0.7000000000000001,0.17304044745423713,4,0.9702,-0.2884,5.061098940405834,0.0026337671901774094,-0.6,0.01295347862938645,0.9675662328098226,0.3116
高频交易型_13,synthetic_client,双创50增强,-0.052792083883236786,-0.06904216902208718,-0.06172963070960451,0.7000000000000001,0.16678925850327686,5,1.1131,-0.2103,2.867896615430161,0.0026337671901774094,-0.6,0.01295347862938645,1.1104662328098225,0.3897
高频交易型_13,synthetic_client,杠铃,0.19920862987707527,-0.5414176249233709,-0.20813581026317013,1.0,0.15430493281578092,6,0.3119,-0.12,4.2040829150504715,0.0026337671901774094,-0.6,0.01295347862938645,0.3092662328098226,0.48
高频交易型_13,synthetic_client,动量趋势策略,-0.18055517605465451,-0.445081317189931,-0.3260445536790566,1.0,0.07176881242466038,7,1.3091,-0.1214,27.88755024876618,0.0026337671901774094,-0.6,0.01295347862938645,1.3064662328098224,0.47859999999999997
高频交易型_13,synthetic_client,食品ETF增强,-0.33105480112367197,-0.4111697669639236,-0.3751180323358104,1.0,0.037417377364932725,8,0.0353,-0.1321,0.5463719973242132,0.0026337671901774094,-0.6,0.01295347862938645,0.03266623280982259,0.4679
高频交易型_13,synthetic_client,均衡持仓,-0.12117209915506369,-0.3885898443585897,-0.268251859017003,0.7000000000000001,0.022223698688097926,9,0.4361,-0.0939,3.4354423013943003,0.0026337671901774094,-0.6,0.01295347862938645,0.4334662328098226,0.5061
高频交易型_13,synthetic_client,军工ETF增强,-0.38537792546029864,-0.19662618666612758,-0.2815644691235046,0.7000000000000001,0.012904871613546837,10,0.7849,-0.2151,3.910415057358552,0.0026337671901774094,-0.6,0.01295347862938645,0.7822662328098227,0.38489999999999996
高频交易型_13,synthetic_client,中证1000增强,-0.09525454767761847,-0.4486820629726652,-0.2896396810898942,0.7000000000000001,0.007252223237074112,11,1.2996,-0.2344,9.567229380375093,0.0026337671901774094,-0.6,0.01295347862938645,1.2969662328098226,0.3656
高频交易型_13,synthetic_client,中证800增强,-0.09114674256535048,-0.4548251864233353,-0.2911698866872422,0.7000000000000001,0.006181079318930499,12,1.238,-0.1227,6.566927244654411,0.0026337671901774094,-0.6,0.01295347862938645,1.2353662328098225,0.47729999999999995
高频交易型_13,synthetic_client,化工ETF优选策略,-0.08312227243306042,-0.5125940631876076,-0.3193317573480614,0.7000000000000001,-0.013532230143642937,13,1.496,-0.1441,13.158559383276927,0.0026337671901774094,-0.6,0.01295347862938645,1.4933662328098225,0.45589999999999997
高频交易型_13,synthetic_client,通信ETF增强,-0.2047924037096122,-0.49386274173933936,-0.3637810896259622,0.7000000000000001,-0.04464676273817347,14,2.4045,-0.2064,16.149844475140775,0.0026337671901774094,-0.6,0.01295347862938645,2.4018662328098226,0.39359999999999995
高频交易型_13,synthetic_client,旅游ETF增强,0.003809387321824262,-0.3090942101051832,-0.16828759126302983,0.14999999999999997,-0.0728013138841209,15,-0.127,-0.2114,-2.344353438691611,0.0026337671901774094,-0.6,0.01295347862938645,-0.1296337671901774,0.38859999999999995
高频交易型_13,synthetic_client,成长红利量化选股,-0.4887448262663149,-0.351563278579699,-0.4132949750386762,0.7000000000000001,-0.07930648252707329,16,0.2151,-0.0739,1.7040340115393744,0.0026337671901774094,-0.6,0.01295347862938645,0.2124662328098226,0.5261
高频交易型_13,synthetic_client,沪深300增强策略,-0.6227079878612349,-0.25334883461402463,-0.4195604535752693,0.7000000000000001,-0.08369231750268846,17,0.593,-0.1756,3.9042532739466216,0.0026337671901774094,-0.6,0.01295347862938645,0.5903662328098226,0.4244
高频交易型_13,synthetic_client,煤炭周期优选动态轮动策略,-0.711240013944244,-0.46799123564323314,-0.577453185878688,0.7000000000000001,-0.19421723011508157,18,0.0537,-0.2129,0.3714099011610187,0.0026337671901774094,-0.6,0.01295347862938645,0.05106623280982259,0.3871
高频交易型_13,synthetic_client,计算机ETF优选策略,-0.9738878070865336,-0.4324493837180161,-0.676096674233849,0.7000000000000001,-0.26326767196369427,19,1.0552,-0.2322,4.597496829588051,0.0026337671901774094,-0.6,0.01295347862938645,1.0525662328098224,0.3678
高频交易型_13,synthetic_client,半导体优选策略,-0.9307458056243796,-0.5036759542085376,-0.6958573873456666,0.7000000000000001,-0.27710017114196656,20,0.9891,-0.1962,5.912804034378871,0.0026337671901774094,-0.6,0.01295347862938645,0.9864662328098226,0.40379999999999994
高频交易型_18,synthetic_client,食品ETF增强,0.23063394891025757,-0.02301168668553393,0.09112884933257225,1.0,0.36379019453280054,1,0.0353,-0.1321,0.5463719973242132,0.0018059217401691819,-0.5304740049610399,-0.028843624273449192,0.03349407825983081,0.3983740049610399
高频交易型_18,synthetic_client,军工ETF增强,0.3488525394249555,-0.22131800225668383,0.035258741500053856,0.7000000000000001,0.23468111905003772,2,0.7849,-0.2151,3.910415057358552,0.0018059217401691819,-0.5304740049610399,-0.028843624273449192,0.7830940782598309,0.3153740049610399
高频交易型_18,synthetic_client,医疗ETF增强,-0.3043055535809602,0.2080626395248097,-0.022503047372786744,0.7000000000000001,0.1942478668390493,3,0.2091,-0.1908,1.9020858347784249,0.0018059217401691819,-0.5304740049610399,-0.028843624273449192,0.20729407825983082,0.33967400496103994
高频交易型_18,synthetic_client,形态识别,0.336353516034023,-0.6103614231947802,-0.18433970054181875,1.0,0.17096220962072686,4,0.3346,-0.2057,5.96181387741118,0.0018059217401691819,-0.5304740049610399,-0.028843624273449192,0.3327940782598308,0.3247740049610399
高频交易型_18,synthetic_client,杠铃,0.5841509513962787,-0.8375825170836634,-0.19780245626768944,1.0,0.16153828061261738,5,0.3119,-0.12,4.2040829150504715,0.0018059217401691819,-0.5304740049610399,-0.028843624273449192,0.3100940782598308,0.4104740049610399
高频交易型_18,synthetic_client,科创参数加强板,0.8456709494072784,-0.9202867593427863,-0.12560579040525716,0.7000000000000001,0.12207594671632002,6,0.9702,-0.2884,5.061098940405834,0.0018059217401691819,-0.5304740049610399,-0.028843624273449192,0.9683940782598308,0.24207400496103992
高频交易型_18,synthetic_client,均衡持仓,0.624424009159278,-0.7959342976057204,-0.1567730595614712,0.7000000000000001,0.10025885830697019,7,0.4361,-0.0939,3.4354423013943003,0.0018059217401691819,-0.5304740049610399,-0.028843624273449192,0.4342940782598308,0.43657400496103993
高频交易型_18,synthetic_client,动量趋势策略,-0.3668768019885811,-0.27372377410898246,-0.31564263665480186,1.0,0.0790501543416387,8,1.3091,-0.1214,27.88755024876618,0.0018059217401691819,-0.5304740049610399,-0.028843624273449192,1.3072940782598308,0.4090740049610399
高频交易型_18,synthetic_client,煤炭周期优选动态轮动策略,-0.11211799074864397,-0.3652009987837314,-0.2513136451679421,0.7000000000000001,0.034080448382440565,9,0.0537,-0.2129,0.3714099011610187,0.0018059217401691819,-0.5304740049610399,-0.028843624273449192,0.05189407825983081,0.31757400496103994
高频交易型_18,synthetic_client,沪深300增强策略,-0.30288077268787716,-0.30072731360261024,-0.3016963701909804,0.7000000000000001,-0.0011874591336862306,10,0.593,-0.1756,3.9042532739466216,0.0018059217401691819,-0.5304740049610399,-0.028843624273449192,0.5911940782598308,0.35487400496103993
高频交易型_18,synthetic_client,双创50增强,-0.03377290821367613,-0.5675188980338998,-0.3273332026147992,0.7000000000000001,-0.019133241830359415,11,1.1131,-0.2103,2.867896615430161,0.0018059217401691819,-0.5304740049610399,-0.028843624273449192,1.1112940782598308,0.3201740049610399
高频交易型_18,synthetic_client,成长红利量化选股,0.21850598112029318,-0.8209779933020735,-0.35321020481200854,0.7000000000000001,-0.037247143368405955,12,0.2151,-0.0739,1.7040340115393744,0.0018059217401691819,-0.5304740049610399,-0.028843624273449192,0.21329407825983082,0.45657400496103995
高频交易型_18,synthetic_client,半导体优选策略,-0.4198583476073076,-0.35576817371144137,-0.3846087519645812,0.7000000000000001,-0.0592261263752068,13,0.9891,-0.1962,5.912804034378871,0.0018059217401691819,-0.5304740049610399,-0.028843624273449192,0.9872940782598308,0.3342740049610399
高频交易型_18,synthetic_client,化工ETF优选策略,-0.09387166308112688,-0.632897360455592,-0.3903357966370827,0.7000000000000001,-0.06323505764595783,14,1.496,-0.1441,13.158559383276927,0.0018059217401691819,-0.5304740049610399,-0.028843624273449192,1.4941940782598309,0.3863740049610399
高频交易型_18,synthetic_client,计算机ETF优选策略,-0.5374567081132821,-0.3472969236940572,-0.43286882668270843,0.7000000000000001,-0.09300817867789585,15,1.0552,-0.2322,4.597496829588051,0.0018059217401691819,-0.5304740049610399,-0.028843624273449192,1.0533940782598308,0.29827400496103995
高频交易型_18,synthetic_client,中证800增强,0.07034206351225863,-0.8595600909482791,-0.44110412144103717,0.7000000000000001,-0.098772885008726,16,1.238,-0.1227,6.566927244654411,0.0018059217401691819,-0.5304740049610399,-0.028843624273449192,1.2361940782598309,0.4077740049610399
高频交易型_18,synthetic_client,中证1000增强,0.03997270061665063,-0.8472357365980894,-0.4479919398514564,0.7000000000000001,-0.10359435789601945,17,1.2996,-0.2344,9.567229380375093,0.0018059217401691819,-0.5304740049610399,-0.028843624273449192,1.297794078259831,0.2960740049610399
高频交易型_18,synthetic_client,中证2000增强,-0.12113868480257076,-0.8405297573330986,-0.5168037746943611,0.7000000000000001,-0.15176264228605274,18,0.6757,-0.1532,7.49276065340675,0.0018059217401691819,-0.5304740049610399,-0.028843624273449192,0.6738940782598308,0.3772740049610399
高频交易型_18,synthetic_client,旅游ETF增强,0.220889927179611,-0.7897213523760591,-0.33494627657600756,0.14999999999999997,-0.1894623936032053,19,-0.127,-0.2114,-2.344353438691611,0.0018059217401691819,-0.5304740049610399,-0.028843624273449192,-0.1288059217401692,0.3190740049610399
高频交易型_18,synthetic_client,通信ETF增强,-0.5130109513503498,-0.6529730963535497,-0.5899901311021098,0.7000000000000001,-0.20299309177147684,20,2.4045,-0.2064,16.149844475140775,0.0018059217401691819,-0.5304740049610399,-0.028843624273449192,2.402694078259831,0.3240740049610399
高频交易型_23,synthetic_client,形态识别,0.5928368237479877,-0.46977605228920344,0.008399741927532567,1.0,0.3058798193492728,1,0.3346,-0.2057,5.96181387741118,0.0022348722508538058,-0.6,0.04136686319562749,0.3323651277491462,0.3943
高频交易型_23,synthetic_client,食品ETF增强,-0.08798268673033872,-0.0335180069300405,-0.0580271128401747,1.0,0.2593810210118777,2,0.0353,-0.1321,0.5463719973242132,0.0022348722508538058,-0.6,0.04136686319562749,0.03306512774914619,0.4679
高频交易型_23,synthetic_client,科创参数加强板,0.7310984637448763,-0.6738544440797385,-0.04162563555866183,0.7000000000000001,0.18086205510893674,3,0.9702,-0.2884,5.061098940405834,0.0022348722508538058,-0.6,0.04136686319562749,0.9679651277491461,0.3116
高频交易型_23,synthetic_client,医疗ETF增强,0.10986582726976857,-0.2334284391437134,-0.07894601925764652,0.7000000000000001,0.15473778651964745,4,0.2091,-0.1908,1.9020858347784249,0.0022348722508538058,-0.6,0.04136686319562749,0.2068651277491462,0.4092
高频交易型_23,synthetic_client,杠铃,0.4398891385562482,-0.748086234539274,-0.21349731664628904,1.0,0.15055187834759767,5,0.3119,-0.12,4.2040829150504715,0.0022348722508538058,-0.6,0.04136686319562749,0.30966512774914623,0.48
高频交易型_23,synthetic_client,均衡持仓,0.2690491492213357,-0.44695639968116835,-0.12475390267504154,0.7000000000000001,0.12267226812747095,6,0.4361,-0.0939,3.4354423013943003,0.0022348722508538058,-0.6,0.04136686319562749,0.4338651277491462,0.5061
高频交易型_23,synthetic_client,动量趋势策略,-0.2631739356275967,-0.3719646752598833,-0.3230088424253544,1.0,0.07389381030225195,7,1.3091,-0.1214,27.88755024876618,0.0022348722508538058,-0.6,0.04136686319562749,1.306865127749146,0.47859999999999997
高频交易型_23,synthetic_client,军工ETF增强,-0.04060674731817815,-0.33782565705701423,-0.204077147674538,0.7000000000000001,0.06714599662782345,8,0.7849,-0.2151,3.910415057358552,0.0022348722508538058,-0.6,0.04136686319562749,0.7826651277491462,0.38489999999999996
高频交易型_23,synthetic_client,中证2000增强,0.18751264021547875,-0.6109701781403846,-0.25165290988024613,0.7000000000000001,0.033842963083827726,9,0.6757,-0.1532,7.49276065340675,0.0022348722508538058,-0.6,0.04136686319562749,0.6734651277491461,0.4468
高频交易型_23,synthetic_client,中证1000增强,0.0013354856659785637,-0.6168089194716909,-0.3386439371597397,0.7000000000000001,-0.027050756011817778,10,1.2996,-0.2344,9.567229380375093,0.0022348722508538058,-0.6,0.04136686319562749,1.2973651277491463,0.3656
高频交易型_23,synthetic_client,双创50增强,-0.07621888535184548,-0.6073728797788439,-0.3683535822866947,0.7000000000000001,-0.047847507600686234,11,1.1131,-0.2103,2.867896615430161,0.0022348722508538058,-0.6,0.04136686319562749,1.1108651277491461,0.3897
高频交易型_23,synthetic_client,沪深300增强策略,-0.4856486449604881,-0.28129179555923794,-0.3732523777898005,0.7000000000000001,-0.05127666445286033,12,0.593,-0.1756,3.9042532739466216,0.0022348722508538058,-0.6,0.04136686319562749,0.5907651277491461,0.4244
高频交易型_23,synthetic_client,中证800增强,0.01913515248838495,-0.7150379469022407,-0.38466005217645916,0.7000000000000001,-0.059262036523521355,13,1.238,-0.1227,6.566927244654411,0.0022348722508538058,-0.6,0.04136686319562749,1.2357651277491462,0.47729999999999995
高频交易型_23,synthetic_client,煤炭周期优选动态轮动策略,-0.47784290907239957,-0.32778456679557516,-0.3953108208201461,0.7000000000000001,-0.06671757457410227,14,0.0537,-0.2129,0.3714099011610187,0.0022348722508538058,-0.6,0.04136686319562749,0.05146512774914619,0.3871
高频交易型_23,synthetic_client,化工ETF优选策略,-0.06133584065189129,-0.6690613169979802,-0.39558485264224025,0.7000000000000001,-0.06690939684956815,15,1.496,-0.1441,13.158559383276927,0.0022348722508538058,-0.6,0.04136686319562749,1.4937651277491462,0.45589999999999997
高频交易型_23,synthetic_client,成长红利量化选股,-0.14591302450839366,-0.6423483262841727,-0.4189524404850722,0.7000000000000001,-0.08326670833955047,16,0.2151,-0.0739,1.7040340115393744,0.0022348722508538058,-0.6,0.04136686319562749,0.2128651277491462,0.5261
高频交易型_23,synthetic_client,通信ETF增强,-0.35834490503033456,-0.6921858753267628,-0.5419574386933701,0.7000000000000001,-0.16937020708535905,17,2.4045,-0.2064,16.149844475140775,0.0022348722508538058,-0.6,0.04136686319562749,2.4022651277491462,0.39359999999999995
高频交易型_23,synthetic_client,旅游ETF增强,0.15200580231880653,-0.6826403504808767,-0.30704958172101926,0.14999999999999997,-0.1699347072047135,18,-0.127,-0.2114,-2.344353438691611,0.0022348722508538058,-0.6,0.04136686319562749,-0.1292348722508538,0.38859999999999995
高频交易型_23,synthetic_client,半导体优选策略,-0.7476925366446132,-0.6246679163453723,-0.6800289954800307,0.7000000000000001,-0.26602029683602146,19,0.9891,-0.1962,5.912804034378871,0.0022348722508538058,-0.6,0.04136686319562749,0.9868651277491461,0.40379999999999994
高频交易型_23,synthetic_client,计算机ETF优选策略,-0.8304912152950472,-0.624432177228071,-0.7171587443582104,0.7000000000000001,-0.29201112105074717,20,1.0552,-0.2322,4.597496829588051,0.0022348722508538058,-0.6,0.04136686319562749,1.052965127749146,0.3678
